"customer_id","customer_email","store_id","address_id","customer_name","customer_address","customer_zip_code","customer_phone","customer_city","customer_country"
524,"jared.ely@sakilacustomer.org",1,530,"Jared Ely","1003 Qinhuangdao Street","25972","35533115997","Purwakarta","Indonesia"
1,"mary.smith@sakilacustomer.org",1,5,"Mary Smith","1913 Hanoi Way","35200","28303384290","Sasebo","Japan"
2,"patricia.johnson@sakilacustomer.org",1,6,"Patricia Johnson","1121 Loja Avenue","17886","838635286649","San Bernardino","United States"
3,"linda.williams@sakilacustomer.org",1,7,"Linda Williams","692 Joliet Street","83579","448477190408","Athenai","Greece"
4,"barbara.jones@sakilacustomer.org",2,8,"Barbara Jones","1566 Inegl Manor","53561","705814003527","Myingyan","Myanmar"
5,"elizabeth.brown@sakilacustomer.org",1,9,"Elizabeth Brown","53 Idfu Parkway","42399","10655648674","Nantou","Taiwan"
6,"jennifer.davis@sakilacustomer.org",2,10,"Jennifer Davis","1795 Santiago de Compostela Way","18743","860452626434","Laredo","United States"
7,"maria.miller@sakilacustomer.org",1,11,"Maria Miller","900 Santiago de Compostela Parkway","93896","716571220373","Kragujevac","Yugoslavia"
8,"susan.wilson@sakilacustomer.org",2,12,"Susan Wilson","478 Joliet Way","77948","657282285970","Hamilton","New Zealand"
9,"margaret.moore@sakilacustomer.org",2,13,"Margaret Moore","613 Korolev Drive","45844","380657522649","Masqat","Oman"
10,"dorothy.taylor@sakilacustomer.org",1,14,"Dorothy Taylor","1531 Sal Drive","53628","648856936185","Esfahan","Iran"
11,"lisa.anderson@sakilacustomer.org",2,15,"Lisa Anderson","1542 Tarlac Parkway","1027","635297277345","Sagamihara","Japan"
12,"nancy.thomas@sakilacustomer.org",1,16,"Nancy Thomas","808 Bhopal Manor","10672","465887807014","Yamuna Nagar","India"
13,"karen.jackson@sakilacustomer.org",2,17,"Karen Jackson","270 Amroha Parkway","29610","695479687538","Osmaniye","Turkey"
14,"betty.white@sakilacustomer.org",2,18,"Betty White","770 Bydgoszcz Avenue","16266","517338314235","Citrus Heights","United States"
15,"helen.harris@sakilacustomer.org",1,19,"Helen Harris","419 Iligan Lane","72878","990911107354","Bhopal","India"
16,"sandra.martin@sakilacustomer.org",2,20,"Sandra Martin","360 Toulouse Parkway","54308","949312333307","Southend-on-Sea","United Kingdom"
17,"donna.thompson@sakilacustomer.org",1,21,"Donna Thompson","270 Toulon Boulevard","81766","407752414682","Elista","Russian Federation"
18,"carol.garcia@sakilacustomer.org",2,22,"Carol Garcia","320 Brest Avenue","43331","747791594069","Kaduna","Nigeria"
19,"ruth.martinez@sakilacustomer.org",1,23,"Ruth Martinez","1417 Lancaster Avenue","72192","272572357893","Kimberley","South Africa"
20,"sharon.robinson@sakilacustomer.org",2,24,"Sharon Robinson","1688 Okara Way","21954","144453869132","Mardan","Pakistan"
21,"michelle.clark@sakilacustomer.org",1,25,"Michelle Clark","262 A Corua (La Corua) Parkway","34418","892775750063","Tangail","Bangladesh"
22,"laura.rodriguez@sakilacustomer.org",1,26,"Laura Rodriguez","28 Charlotte Amalie Street","37551","161968374323","Sal","Morocco"
23,"sarah.lewis@sakilacustomer.org",2,27,"Sarah Lewis","1780 Hino Boulevard","7716","902731229323","Liepaja","Latvia"
24,"kimberly.lee@sakilacustomer.org",2,28,"Kimberly Lee","96 Tafuna Way","99865","934730187245","Crdoba","Argentina"
25,"deborah.walker@sakilacustomer.org",1,29,"Deborah Walker","934 San Felipe de Puerto Plata Street","99780","196495945706","Shikarpur","Pakistan"
26,"jessica.hall@sakilacustomer.org",2,30,"Jessica Hall","18 Duisburg Boulevard","58327","998009777982","Citt del Vaticano","Holy See (Vatican City State)"
27,"shirley.allen@sakilacustomer.org",2,31,"Shirley Allen","217 Botshabelo Place","49521","665356572025","Davao","Philippines"
28,"cynthia.young@sakilacustomer.org",1,32,"Cynthia Young","1425 Shikarpur Manor","65599","678220867005","Munger (Monghyr)","India"
29,"angela.hernandez@sakilacustomer.org",2,33,"Angela Hernandez","786 Aurora Avenue","65750","18461860151","Shimonoseki","Japan"
30,"melissa.king@sakilacustomer.org",1,34,"Melissa King","1668 Anpolis Street","50199","525255540978","Lungtan","Taiwan"
31,"brenda.wright@sakilacustomer.org",2,35,"Brenda Wright","33 Gorontalo Way","30348","745994947458","Kamarhati","India"
32,"amy.lopez@sakilacustomer.org",1,36,"Amy Lopez","176 Mandaluyong Place","65213","627705991774","Jhansi","India"
33,"anna.hill@sakilacustomer.org",2,37,"Anna Hill","127 Purnea (Purnia) Manor","79388","911872220378","Alessandria","Italy"
34,"rebecca.scott@sakilacustomer.org",2,38,"Rebecca Scott","61 Tama Street","94065","708403338270","Kurashiki","Japan"
35,"virginia.green@sakilacustomer.org",2,39,"Virginia Green","391 Callao Drive","34021","440512153169","Toulouse","France"
36,"kathleen.adams@sakilacustomer.org",2,40,"Kathleen Adams","334 Munger (Monghyr) Lane","38145","481183273622","Arak","Iran"
37,"pamela.baker@sakilacustomer.org",1,41,"Pamela Baker","1440 Fukuyama Loop","47929","912257250465","Nanyang","China"
38,"martha.gonzalez@sakilacustomer.org",1,42,"Martha Gonzalez","269 Cam Ranh Parkway","34689","489783829737","Chisinau","Moldova"
39,"debra.nelson@sakilacustomer.org",1,43,"Debra Nelson","306 Antofagasta Place","3989","378318851631","Vila Velha","Brazil"
40,"amanda.carter@sakilacustomer.org",2,44,"Amanda Carter","671 Graz Street","94399","680768868518","Nador","Morocco"
41,"stephanie.mitchell@sakilacustomer.org",1,45,"Stephanie Mitchell","42 Brindisi Place","16744","42384721397","Yerevan","Armenia"
42,"carolyn.perez@sakilacustomer.org",2,46,"Carolyn Perez","1632 Bislig Avenue","61117","471675840679","Pak Kret","Thailand"
43,"christine.roberts@sakilacustomer.org",2,47,"Christine Roberts","1447 Imus Way","48942","539758313890","Faaa","French Polynesia"
44,"marie.turner@sakilacustomer.org",1,48,"Marie Turner","1998 Halifax Drive","76022","177727722820","Lipetsk","Russian Federation"
45,"janet.phillips@sakilacustomer.org",1,49,"Janet Phillips","1718 Valencia Street","37359","675292816413","Antofagasta","Chile"
46,"catherine.campbell@sakilacustomer.org",2,50,"Catherine Campbell","46 Pjatigorsk Lane","23616","262076994845","Moscow","Russian Federation"
47,"frances.parker@sakilacustomer.org",1,51,"Frances Parker","686 Garland Manor","52535","69493378813","Juazeiro do Norte","Brazil"
48,"ann.evans@sakilacustomer.org",1,52,"Ann Evans","909 Garland Manor","69367","705800322606","Niznekamsk","Russian Federation"
49,"joyce.edwards@sakilacustomer.org",2,53,"Joyce Edwards","725 Isesaki Place","74428","876295323994","Jedda","Saudi Arabia"
50,"diane.collins@sakilacustomer.org",1,54,"Diane Collins","115 Hidalgo Parkway","80168","307703950263","Omdurman","Sudan"
51,"alice.stewart@sakilacustomer.org",1,55,"Alice Stewart","1135 Izumisano Parkway","48150","171822533480","Fontana","United States"
52,"julie.sanchez@sakilacustomer.org",1,56,"Julie Sanchez","939 Probolinggo Loop","4166","680428310138","A Corua (La Corua)","Spain"
53,"heather.morris@sakilacustomer.org",1,57,"Heather Morris","17 Kabul Boulevard","38594","697760867968","Nagareyama","Japan"
54,"teresa.rogers@sakilacustomer.org",1,58,"Teresa Rogers","1964 Allappuzha (Alleppey) Street","48980","920811325222","Iwakuni","Japan"
55,"doris.reed@sakilacustomer.org",2,59,"Doris Reed","1697 Kowloon and New Kowloon Loop","57807","499352017190","Balaiha","Russian Federation"
56,"gloria.cook@sakilacustomer.org",1,60,"Gloria Cook","1668 Saint Louis Place","39072","347487831378","Papeete","French Polynesia"
57,"evelyn.morgan@sakilacustomer.org",2,61,"Evelyn Morgan","943 Tokat Street","45428","889318963672","Vaduz","Liechtenstein"
58,"jean.bell@sakilacustomer.org",1,62,"Jean Bell","1114 Liepaja Street","69226","212869228936","Kuching","Malaysia"
59,"cheryl.murphy@sakilacustomer.org",1,63,"Cheryl Murphy","1213 Ranchi Parkway","94352","800024380485","Mysore","India"
60,"mildred.bailey@sakilacustomer.org",1,64,"Mildred Bailey","81 Hodeida Way","55561","250767749542","Jaipur","India"
61,"katherine.rivera@sakilacustomer.org",2,65,"Katherine Rivera","915 Ponce Place","83980","1395251317","Basel","Switzerland"
62,"joan.cooper@sakilacustomer.org",1,66,"Joan Cooper","1717 Guadalajara Lane","85505","914090181665","Saint Louis","United States"
63,"ashley.richardson@sakilacustomer.org",1,67,"Ashley Richardson","1214 Hanoi Way","67055","491001136577","Lincoln","United States"
64,"judith.cox@sakilacustomer.org",2,68,"Judith Cox","1966 Amroha Avenue","70385","333489324603","Daxian","China"
65,"rose.howard@sakilacustomer.org",2,69,"Rose Howard","698 Otsu Street","71110","409983924481","Cayenne","French Guiana"
66,"janice.ward@sakilacustomer.org",2,70,"Janice Ward","1150 Kimchon Manor","96109","663449333709","Malm","Sweden"
67,"kelly.torres@sakilacustomer.org",1,71,"Kelly Torres","1586 Guaruj Place","5135","947233365992","Xiangtan","China"
68,"nicole.peterson@sakilacustomer.org",1,72,"Nicole Peterson","57 Arlington Manor","48960","990214419142","Shivapuri","India"
69,"judy.gray@sakilacustomer.org",2,73,"Judy Gray","1031 Daugavpils Parkway","59025","107137400143","Bchar","Algeria"
70,"christina.ramirez@sakilacustomer.org",2,74,"Christina Ramirez","1124 Buenaventura Drive","6856","407733804223","al-Hawiya","Saudi Arabia"
71,"kathy.james@sakilacustomer.org",1,75,"Kathy James","492 Cam Ranh Street","50805","565018274456","Baybay","Philippines"
72,"theresa.watson@sakilacustomer.org",2,76,"Theresa Watson","89 Allappuzha (Alleppey) Manor","75444","255800440636","Taguig","Philippines"
73,"beverly.brooks@sakilacustomer.org",2,77,"Beverly Brooks","1947 Poos de Caldas Boulevard","60951","427454485876","Chiayi","Taiwan"
74,"denise.kelly@sakilacustomer.org",1,78,"Denise Kelly","1206 Dos Quebradas Place","20207","241832790687","Rio Claro","Brazil"
75,"tammy.sanders@sakilacustomer.org",2,79,"Tammy Sanders","1551 Rampur Lane","72394","251164340471","Changhwa","Taiwan"
76,"irene.price@sakilacustomer.org",2,80,"Irene Price","602 Paarl Street","98889","896314772871","Pavlodar","Kazakstan"
77,"jane.bennett@sakilacustomer.org",2,81,"Jane Bennett","1692 Ede Loop","9223","918711376618","Araatuba","Brazil"
78,"lori.wood@sakilacustomer.org",1,82,"Lori Wood","936 Salzburg Lane","96709","875756771675","Rae Bareli","India"
79,"rachel.barnes@sakilacustomer.org",1,83,"Rachel Barnes","586 Tete Way","1079","18581624103","Kamakura","Japan"
80,"marilyn.ross@sakilacustomer.org",1,84,"Marilyn Ross","1888 Kabul Drive","20936","701457319790","Ife","Nigeria"
81,"andrea.henderson@sakilacustomer.org",1,85,"Andrea Henderson","320 Baiyin Parkway","37307","223664661973","Mahajanga","Madagascar"
82,"kathryn.coleman@sakilacustomer.org",1,86,"Kathryn Coleman","927 Baha Blanca Parkway","9495","821972242086","Simferopol","Ukraine"
83,"louise.jenkins@sakilacustomer.org",1,87,"Louise Jenkins","929 Tallahassee Loop","74671","800716535041","Springs","South Africa"
84,"sara.perry@sakilacustomer.org",2,88,"Sara Perry","125 Citt del Vaticano Boulevard","67912","48417642933","Atlixco","Mexico"
85,"anne.powell@sakilacustomer.org",2,89,"Anne Powell","1557 Ktahya Boulevard","88002","720998247660","Bradford","United Kingdom"
86,"jacqueline.long@sakilacustomer.org",2,90,"Jacqueline Long","870 Ashqelon Loop","84931","135117278909","Songkhla","Thailand"
87,"wanda.patterson@sakilacustomer.org",1,91,"Wanda Patterson","1740 Portoviejo Avenue","29932","198123170793","Sincelejo","Colombia"
88,"bonnie.hughes@sakilacustomer.org",2,92,"Bonnie Hughes","1942 Ciparay Parkway","82624","978987363654","Cheju","South Korea"
89,"julia.flores@sakilacustomer.org",1,93,"Julia Flores","1926 El Alto Avenue","75543","846225459260","La Plata","Argentina"
90,"ruby.washington@sakilacustomer.org",2,94,"Ruby Washington","1952 Chatsworth Drive","25958","991562402283","Meixian","China"
91,"lois.butler@sakilacustomer.org",2,95,"Lois Butler","1370 Le Mans Avenue","52163","345679835036","Bandar Seri Begawan","Brunei"
92,"tina.simmons@sakilacustomer.org",2,96,"Tina Simmons","984 Effon-Alaiye Avenue","17119","132986892228","Goinia","Brazil"
93,"phyllis.foster@sakilacustomer.org",1,97,"Phyllis Foster","832 Nakhon Sawan Manor","49021","275595571388","Zalantun","China"
94,"norma.gonzales@sakilacustomer.org",1,98,"Norma Gonzales","152 Kitwe Parkway","53182","835433605312","Bislig","Philippines"
95,"paula.bryant@sakilacustomer.org",2,99,"Paula Bryant","1697 Tanauan Lane","22870","4764773857","Pathankot","India"
96,"diana.alexander@sakilacustomer.org",1,100,"Diana Alexander","1308 Arecibo Way","30695","6171054059","Augusta-Richmond County","United States"
97,"annie.russell@sakilacustomer.org",2,101,"Annie Russell","1599 Plock Drive","71986","817248913162","Tete","Mozambique"
98,"lillian.griffin@sakilacustomer.org",1,102,"Lillian Griffin","669 Firozabad Loop","92265","412903167998","al-Ayn","United Arab Emirates"
99,"emily.diaz@sakilacustomer.org",2,103,"Emily Diaz","588 Vila Velha Manor","51540","333339908719","Kimchon","South Korea"
100,"robin.hayes@sakilacustomer.org",1,104,"Robin Hayes","1913 Kamakura Place","97287","942570536750","Jelets","Russian Federation"
101,"peggy.myers@sakilacustomer.org",1,105,"Peggy Myers","733 Mandaluyong Place","77459","196568435814","Abha","Saudi Arabia"
102,"crystal.ford@sakilacustomer.org",1,106,"Crystal Ford","659 Vaduz Drive","49708","709935135487","Ashdod","Israel"
103,"gladys.hamilton@sakilacustomer.org",1,107,"Gladys Hamilton","1177 Jelets Way","3305","484292626944","Ilorin","Nigeria"
104,"rita.graham@sakilacustomer.org",1,108,"Rita Graham","1386 Yangor Avenue","80720","449216226468","Toulon","France"
105,"dawn.sullivan@sakilacustomer.org",1,109,"Dawn Sullivan","454 Nakhon Sawan Boulevard","76383","963887147572","Funafuti","Tuvalu"
106,"connie.wallace@sakilacustomer.org",1,110,"Connie Wallace","1867 San Juan Bautista Tuxtepec Avenue","78311","547003310357","Ivanovo","Russian Federation"
107,"florence.woods@sakilacustomer.org",1,111,"Florence Woods","1532 Dzerzinsk Way","9599","330838016880","Merlo","Argentina"
108,"tracy.cole@sakilacustomer.org",1,112,"Tracy Cole","1002 Ahmadnagar Manor","93026","371490777743","Huixquilucan","Mexico"
109,"edna.west@sakilacustomer.org",2,113,"Edna West","682 Junan Way","30418","622255216127","Klerksdorp","South Africa"
110,"tiffany.jordan@sakilacustomer.org",2,114,"Tiffany Jordan","804 Elista Drive","61069","379804592943","Enshi","China"
111,"carmen.owens@sakilacustomer.org",1,115,"Carmen Owens","1378 Alvorada Avenue","75834","272234298332","Caracas","Venezuela"
112,"rosa.reynolds@sakilacustomer.org",2,116,"Rosa Reynolds","793 Cam Ranh Avenue","87057","824370924746","Lancaster","United States"
113,"cindy.fisher@sakilacustomer.org",2,117,"Cindy Fisher","1079 Tel Aviv-Jaffa Boulevard","10885","358178933857","Cuman","Venezuela"
114,"grace.ellis@sakilacustomer.org",2,118,"Grace Ellis","442 Rae Bareli Place","24321","886636413768","Duisburg","Germany"
115,"wendy.harrison@sakilacustomer.org",1,119,"Wendy Harrison","1107 Nakhon Sawan Avenue","75149","867546627903","Nezahualcyotl","Mexico"
116,"victoria.gibson@sakilacustomer.org",1,120,"Victoria Gibson","544 Malm Parkway","63502","386759646229","Pemalang","Indonesia"
117,"edith.mcdonald@sakilacustomer.org",1,121,"Edith Mcdonald","1967 Sincelejo Place","73644","577812616052","Gandhinagar","India"
118,"kim.cruz@sakilacustomer.org",1,122,"Kim Cruz","333 Goinia Way","78625","909029256431","Grand Prairie","United States"
119,"sherry.marshall@sakilacustomer.org",1,123,"Sherry Marshall","1987 Coacalco de Berriozbal Loop","96065","787654415858","Shubra al-Khayma","Egypt"
120,"sylvia.ortiz@sakilacustomer.org",2,124,"Sylvia Ortiz","241 Mosul Lane","76157","765345144779","Dos Quebradas","Colombia"
121,"josephine.gomez@sakilacustomer.org",1,125,"Josephine Gomez","211 Chiayi Drive","58186","665993880048","Etawah","India"
122,"thelma.murray@sakilacustomer.org",1,126,"Thelma Murray","1175 Tanauan Way","64615","937222955822","Lima","Peru"
123,"shannon.freeman@sakilacustomer.org",2,127,"Shannon Freeman","117 Boa Vista Way","6804","677976133614","Varanasi (Benares)","India"
124,"sheila.wells@sakilacustomer.org",1,128,"Sheila Wells","848 Tafuna Manor","45142","614935229095","Ktahya","Turkey"
125,"ethel.webb@sakilacustomer.org",1,129,"Ethel Webb","569 Baicheng Lane","60304","490211944645","Boksburg","South Africa"
126,"ellen.simpson@sakilacustomer.org",1,130,"Ellen Simpson","1666 Qomsheh Drive","66255","582835362905","Po","Brazil"
127,"elaine.stevens@sakilacustomer.org",2,131,"Elaine Stevens","801 Hagonoy Drive","8439","237426099212","Smolensk","Russian Federation"
128,"marjorie.tucker@sakilacustomer.org",1,132,"Marjorie Tucker","1050 Garden Grove Avenue","4999","973047364353","Jastrzebie-Zdrj","Poland"
129,"carrie.porter@sakilacustomer.org",1,133,"Carrie Porter","1854 Tieli Street","15819","509492324775","Liaocheng","China"
130,"charlotte.hunter@sakilacustomer.org",1,134,"Charlotte Hunter","758 Junan Lane","82639","935448624185","guas Lindas de Gois","Brazil"
131,"monica.hicks@sakilacustomer.org",2,135,"Monica Hicks","1752 So Leopoldo Parkway","14014","252265130067","Mukateve","Ukraine"
132,"esther.crawford@sakilacustomer.org",2,136,"Esther Crawford","898 Belm Manor","49757","707169393853","Botshabelo","South Africa"
133,"pauline.henry@sakilacustomer.org",1,137,"Pauline Henry","261 Saint Louis Way","83401","321944036800","Torren","Mexico"
134,"emma.boyd@sakilacustomer.org",1,138,"Emma Boyd","765 Southampton Drive","4285","23712411567","Qalyub","Egypt"
135,"juanita.mason@sakilacustomer.org",2,139,"Juanita Mason","943 Johannesburg Avenue","5892","90921003005","Pune","India"
136,"anita.morales@sakilacustomer.org",2,140,"Anita Morales","788 Atinsk Street","81691","146497509724","Hubli-Dharwad","India"
137,"rhonda.kennedy@sakilacustomer.org",2,141,"Rhonda Kennedy","1749 Daxian Place","11044","963369996279","Apeldoorn","Netherlands"
138,"hazel.warren@sakilacustomer.org",1,142,"Hazel Warren","1587 Sullana Lane","85769","468060467018","Hohhot","China"
139,"amber.dixon@sakilacustomer.org",1,143,"Amber Dixon","1029 Dzerzinsk Manor","57519","33173584456","Touliu","Taiwan"
140,"eva.ramos@sakilacustomer.org",1,144,"Eva Ramos","1666 Beni-Mellal Place","13377","9099941466","Clarksville","United States"
141,"debbie.reyes@sakilacustomer.org",1,145,"Debbie Reyes","928 Jaffna Loop","93762","581852137991","Fukuyama","Japan"
142,"april.burns@sakilacustomer.org",1,146,"April Burns","483 Ljubertsy Parkway","60562","581174211853","Dundee","United Kingdom"
143,"leslie.gordon@sakilacustomer.org",1,147,"Leslie Gordon","374 Bat Yam Boulevard","97700","923261616249","Kilis","Turkey"
144,"clara.shaw@sakilacustomer.org",1,148,"Clara Shaw","1027 Songkhla Manor","30861","563660187896","Molodetno","Belarus"
145,"lucille.holmes@sakilacustomer.org",1,149,"Lucille Holmes","999 Sanaa Loop","3439","918032330119","Soshanguve","South Africa"
146,"jamie.rice@sakilacustomer.org",1,150,"Jamie Rice","879 Newcastle Way","90732","206841104594","Sterling Heights","United States"
147,"joanne.robertson@sakilacustomer.org",2,151,"Joanne Robertson","1337 Lincoln Parkway","99457","597815221267","Urawa","Japan"
148,"eleanor.hunt@sakilacustomer.org",1,152,"Eleanor Hunt","1952 Pune Lane","92150","354615066969","Saint-Denis","Runion"
149,"valerie.black@sakilacustomer.org",1,153,"Valerie Black","782 Mosul Street","25545","885899703621","Brockton","United States"
150,"danielle.daniels@sakilacustomer.org",2,154,"Danielle Daniels","781 Shimonoseki Drive","95444","632316273199","Hidalgo","Mexico"
151,"megan.palmer@sakilacustomer.org",2,155,"Megan Palmer","1560 Jelets Boulevard","77777","189446090264","Laiwu","China"
152,"alicia.mills@sakilacustomer.org",1,156,"Alicia Mills","1963 Moscow Place","64863","761379480249","Nagaon","India"
153,"suzanne.nichols@sakilacustomer.org",2,157,"Suzanne Nichols","456 Escobar Way","36061","719202533520","Jakarta","Indonesia"
154,"michele.grant@sakilacustomer.org",2,158,"Michele Grant","798 Cianjur Avenue","76990","499408708580","Yuncheng","China"
155,"gail.knight@sakilacustomer.org",1,159,"Gail Knight","185 Novi Sad Place","41778","904253967161","Bern","Switzerland"
156,"bertha.ferguson@sakilacustomer.org",1,160,"Bertha Ferguson","1367 Yantai Manor","21294","889538496300","Ondo","Nigeria"
157,"darlene.rose@sakilacustomer.org",2,161,"Darlene Rose","1386 Nakhon Sawan Boulevard","53502","368899174225","Pyongyang","North Korea"
158,"veronica.stone@sakilacustomer.org",1,162,"Veronica Stone","369 Papeete Way","66639","170117068815","Greensboro","United States"
159,"jill.hawkins@sakilacustomer.org",1,163,"Jill Hawkins","1440 Compton Place","81037","931059836497","Linz","Austria"
160,"erin.dunn@sakilacustomer.org",2,164,"Erin Dunn","1623 Baha Blanca Manor","81511","149981248346","Ljubertsy","Russian Federation"
161,"geraldine.perkins@sakilacustomer.org",1,165,"Geraldine Perkins","97 Shimoga Avenue","44660","177167004331","Tel Aviv-Jaffa","Israel"
162,"lauren.hudson@sakilacustomer.org",2,166,"Lauren Hudson","1740 Le Mans Loop","22853","168476538960","Le Mans","France"
163,"cathy.spencer@sakilacustomer.org",1,167,"Cathy Spencer","1287 Xiangfan Boulevard","57844","819416131190","Kakamigahara","Japan"
164,"joann.gardner@sakilacustomer.org",2,168,"Joann Gardner","842 Salzburg Lane","3313","697151428760","Tarsus","Turkey"
165,"lorraine.stephens@sakilacustomer.org",2,169,"Lorraine Stephens","154 Tallahassee Loop","62250","935508855935","Hami","China"
166,"lynn.payne@sakilacustomer.org",1,170,"Lynn Payne","710 San Felipe del Progreso Avenue","76901","843801144113","Lilongwe","Malawi"
167,"sally.pierce@sakilacustomer.org",2,171,"Sally Pierce","1540 Wroclaw Drive","62686","182363341674","Chandrapur","India"
168,"regina.berry@sakilacustomer.org",1,172,"Regina Berry","475 Atinsk Way","59571","201705577290","Jinchang","China"
169,"erica.matthews@sakilacustomer.org",2,173,"Erica Matthews","1294 Firozabad Drive","70618","161801569569","Pingxiang","China"
170,"beatrice.arnold@sakilacustomer.org",1,174,"Beatrice Arnold","1877 Ezhou Lane","63337","264541743403","Udaipur","India"
171,"dolores.wagner@sakilacustomer.org",2,175,"Dolores Wagner","316 Uruapan Street","58194","275788967899","Ipoh","Malaysia"
172,"bernice.willis@sakilacustomer.org",1,176,"Bernice Willis","29 Pyongyang Loop","47753","734780743462","Batman","Turkey"
173,"audrey.ray@sakilacustomer.org",1,177,"Audrey Ray","1010 Klerksdorp Way","6802","493008546874","Graz","Austria"
174,"yvonne.watkins@sakilacustomer.org",2,178,"Yvonne Watkins","1848 Salala Boulevard","25220","48265851133","Ocumare del Tuy","Venezuela"
175,"annette.olson@sakilacustomer.org",1,179,"Annette Olson","431 Xiangtan Avenue","4854","230250973122","Allappuzha (Alleppey)","India"
176,"june.carroll@sakilacustomer.org",1,180,"June Carroll","757 Rustenburg Avenue","89668","506134035434","Skikda","Algeria"
177,"samantha.duncan@sakilacustomer.org",2,181,"Samantha Duncan","146 Johannesburg Way","54132","953689007081","Matamoros","Mexico"
178,"marion.snyder@sakilacustomer.org",2,182,"Marion Snyder","1891 Rizhao Boulevard","47288","391065549876","Santa Brbara dOeste","Brazil"
179,"dana.hart@sakilacustomer.org",1,183,"Dana Hart","1089 Iwatsuki Avenue","35109","866092335135","Kirovo-Tepetsk","Russian Federation"
180,"stacy.cunningham@sakilacustomer.org",2,184,"Stacy Cunningham","1410 Benin City Parkway","29747","104150372603","Pereira","Colombia"
181,"ana.bradley@sakilacustomer.org",2,185,"Ana Bradley","682 Garden Grove Place","67497","72136330362","Memphis","United States"
182,"renee.lane@sakilacustomer.org",1,186,"Renee Lane","533 al-Ayn Boulevard","8862","662227486184","Compton","United States"
183,"ida.andrews@sakilacustomer.org",2,187,"Ida Andrews","1839 Szkesfehrvr Parkway","55709","947468818183","Luzinia","Brazil"
184,"vivian.ruiz@sakilacustomer.org",1,188,"Vivian Ruiz","741 Ambattur Manor","43310","302590383819","s-Hertogenbosch","Netherlands"
185,"roberta.harper@sakilacustomer.org",1,189,"Roberta Harper","927 Barcelona Street","65121","951486492670","Shahr-e Kord","Iran"
186,"holly.fox@sakilacustomer.org",2,190,"Holly Fox","435 0 Way","74750","760171523969","Haldia","India"
187,"brittany.riley@sakilacustomer.org",2,191,"Brittany Riley","140 Chiayi Parkway","38982","855863906434","Sumy","Ukraine"
188,"melanie.armstrong@sakilacustomer.org",1,192,"Melanie Armstrong","1166 Changhwa Street","58852","650752094490","Bayugan","Philippines"
189,"loretta.carpenter@sakilacustomer.org",1,193,"Loretta Carpenter","891 Novi Sad Manor","5379","247646995453","Oshawa","Canada"
190,"yolanda.weaver@sakilacustomer.org",2,194,"Yolanda Weaver","605 Rio Claro Parkway","49348","352469351088","Tabora","Tanzania"
191,"jeanette.greene@sakilacustomer.org",1,195,"Jeanette Greene","1077 San Felipe de Puerto Plata Place","65387","812824036424","Novoterkassk","Russian Federation"
192,"laurie.lawrence@sakilacustomer.org",1,196,"Laurie Lawrence","9 San Miguel de Tucumn Manor","90845","956188728558","Firozabad","India"
193,"katie.elliott@sakilacustomer.org",2,197,"Katie Elliott","447 Surakarta Loop","10428","940830176580","Kisumu","Kenya"
194,"kristen.chavez@sakilacustomer.org",2,198,"Kristen Chavez","345 Oshawa Boulevard","32114","104491201771","Hino","Japan"
195,"vanessa.sims@sakilacustomer.org",1,199,"Vanessa Sims","1792 Valle de la Pascua Place","15540","419419591240","Siegen","Germany"
196,"alma.austin@sakilacustomer.org",1,200,"Alma Austin","1074 Binzhou Manor","36490","331132568928","Mannheim","Germany"
197,"sue.peters@sakilacustomer.org",2,201,"Sue Peters","817 Bradford Loop","89459","264286442804","Changzhou","China"
198,"elsie.kelley@sakilacustomer.org",2,202,"Elsie Kelley","955 Bamenda Way","1545","768481779568","Ikerre","Nigeria"
199,"beth.franklin@sakilacustomer.org",2,203,"Beth Franklin","1149 A Corua (La Corua) Boulevard","95824","470884141195","Haiphong","Vietnam"
200,"jeanne.lawson@sakilacustomer.org",2,204,"Jeanne Lawson","387 Mwene-Ditu Drive","8073","764477681869","Ashgabat","Turkmenistan"
201,"vicki.fields@sakilacustomer.org",1,205,"Vicki Fields","68 Molodetno Manor","4662","146640639760","Witten","Germany"
202,"carla.gutierrez@sakilacustomer.org",2,206,"Carla Gutierrez","642 Nador Drive","3924","369050085652","Bhusawal","India"
203,"tara.ryan@sakilacustomer.org",1,207,"Tara Ryan","1688 Nador Lane","61613","652218196731","Gorontalo","Indonesia"
204,"rosemary.schmidt@sakilacustomer.org",1,208,"Rosemary Schmidt","1215 Pyongyang Parkway","25238","646237101779","Usak","Turkey"
205,"eileen.carr@sakilacustomer.org",2,209,"Eileen Carr","1679 Antofagasta Street","86599","905903574913","Ciudad del Este","Paraguay"
206,"terri.vasquez@sakilacustomer.org",1,210,"Terri Vasquez","1304 s-Hertogenbosch Way","10925","90336226227","Blumenau","Brazil"
207,"gertrude.castillo@sakilacustomer.org",1,211,"Gertrude Castillo","850 Salala Loop","10800","403404780639","Nuuk","Greenland"
208,"lucy.wheeler@sakilacustomer.org",1,212,"Lucy Wheeler","624 Oshawa Boulevard","89959","49677664184","Balurghat","India"
209,"tonya.chapman@sakilacustomer.org",2,213,"Tonya Chapman","43 Dadu Avenue","4855","95666951770","Bhilwara","India"
210,"ella.oliver@sakilacustomer.org",2,214,"Ella Oliver","751 Lima Loop","99405","756460337785","Aden","Yemen"
211,"stacey.montgomery@sakilacustomer.org",1,215,"Stacey Montgomery","1333 Haldia Street","82161","408304391718","Fuyu","China"
212,"wilma.richards@sakilacustomer.org",2,216,"Wilma Richards","660 Jedda Boulevard","25053","168758068397","Bellevue","United States"
213,"gina.williamson@sakilacustomer.org",1,217,"Gina Williamson","1001 Miyakonojo Lane","67924","584316724815","Taizz","Yemen"
214,"kristin.johnston@sakilacustomer.org",1,218,"Kristin Johnston","226 Brest Manor","2299","785881412500","Sunnyvale","United States"
215,"jessie.banks@sakilacustomer.org",2,219,"Jessie Banks","1229 Valencia Parkway","99124","352679173732","Stara Zagora","Bulgaria"
216,"natalie.meyer@sakilacustomer.org",1,220,"Natalie Meyer","1201 Qomsheh Manor","21464","873492228462","Aparecida de Goinia","Brazil"
217,"agnes.bishop@sakilacustomer.org",2,221,"Agnes Bishop","866 Shivapuri Manor","22474","778502731092","Sambhal","India"
218,"vera.mccoy@sakilacustomer.org",1,222,"Vera Mccoy","1168 Najafabad Parkway","40301","886649065861","Kabul","Afghanistan"
219,"willie.howell@sakilacustomer.org",2,223,"Willie Howell","1244 Allappuzha (Alleppey) Place","20657","991802825778","Vicente Lpez","Argentina"
220,"charlene.alvarez@sakilacustomer.org",2,224,"Charlene Alvarez","1842 Luzinia Boulevard","94420","706878974831","Zanzibar","Tanzania"
221,"bessie.morrison@sakilacustomer.org",1,225,"Bessie Morrison","1926 Gingoog Street","22824","469738825391","Syrakusa","Italy"
222,"delores.hansen@sakilacustomer.org",2,226,"Delores Hansen","810 Palghat (Palakkad) Boulevard","73431","516331171356","Jaroslavl","Russian Federation"
223,"melinda.fernandez@sakilacustomer.org",1,227,"Melinda Fernandez","1820 Maring Parkway","88307","99760893676","Mandi Bahauddin","Pakistan"
224,"pearl.garza@sakilacustomer.org",2,228,"Pearl Garza","60 Poos de Caldas Street","82338","963063788669","Jodhpur","India"
225,"arlene.harvey@sakilacustomer.org",1,229,"Arlene Harvey","1014 Loja Manor","66851","460795526514","Ambattur","India"
226,"maureen.little@sakilacustomer.org",2,230,"Maureen Little","201 Effon-Alaiye Way","64344","684192903087","Asuncin","Paraguay"
227,"colleen.burton@sakilacustomer.org",1,231,"Colleen Burton","430 Alessandria Loop","47446","669828224459","Saarbrcken","Germany"
228,"allison.stanley@sakilacustomer.org",2,232,"Allison Stanley","754 Valencia Place","87911","594319417514","Phnom Penh","Cambodia"
229,"tamara.nguyen@sakilacustomer.org",1,233,"Tamara Nguyen","356 Olomouc Manor","93323","22326410776","Anpolis","Brazil"
230,"joy.george@sakilacustomer.org",2,234,"Joy George","1256 Bislig Boulevard","50598","479007229460","Botosani","Romania"
231,"georgia.jacobs@sakilacustomer.org",1,235,"Georgia Jacobs","954 Kimchon Place","42420","541327526474","Uttarpara-Kotrung","India"
232,"constance.reid@sakilacustomer.org",2,236,"Constance Reid","885 Yingkou Manor","31390","588964509072","Zaria","Nigeria"
233,"lillie.kim@sakilacustomer.org",2,237,"Lillie Kim","1736 Cavite Place","98775","431770603551","Idfu","Egypt"
234,"claudia.fuller@sakilacustomer.org",1,238,"Claudia Fuller","346 Skikda Parkway","90628","630424482919","Jalib al-Shuyukh","Kuwait"
235,"jackie.lynch@sakilacustomer.org",1,239,"Jackie Lynch","98 Stara Zagora Boulevard","76448","610173756082","Buenaventura","Colombia"
236,"marcia.dean@sakilacustomer.org",1,240,"Marcia Dean","1479 Rustenburg Boulevard","18727","727785483194","Tanza","Philippines"
237,"tanya.gilbert@sakilacustomer.org",1,241,"Tanya Gilbert","647 A Corua (La Corua) Street","36971","792557457753","Naju","South Korea"
238,"nellie.garrett@sakilacustomer.org",1,242,"Nellie Garrett","1964 Gijn Manor","14408","918119601885","Shimoga","India"
239,"minnie.romero@sakilacustomer.org",2,243,"Minnie Romero","47 Syktyvkar Lane","22236","63937119031","Ciomas","Indonesia"
240,"marlene.welch@sakilacustomer.org",1,244,"Marlene Welch","1148 Saarbrcken Parkway","1921","137773001988","Iwaki","Japan"
241,"heidi.larson@sakilacustomer.org",2,245,"Heidi Larson","1103 Bilbays Parkway","87660","279979529227","Xiangfan","China"
242,"glenda.frazier@sakilacustomer.org",1,246,"Glenda Frazier","1246 Boksburg Parkway","28349","890283544295","Qinhuangdao","China"
243,"lydia.burke@sakilacustomer.org",1,247,"Lydia Burke","1483 Pathankot Street","37288","686015532180","San Miguel de Tucumn","Argentina"
244,"viola.hanson@sakilacustomer.org",2,248,"Viola Hanson","582 Papeete Loop","27722","569868543137","Lapu-Lapu","Philippines"
245,"courtney.day@sakilacustomer.org",1,249,"Courtney Day","300 Junan Street","81314","890289150158","Uijongbu","South Korea"
246,"marian.mendoza@sakilacustomer.org",1,250,"Marian Mendoza","829 Grand Prairie Way","6461","741070712873","Maring","Brazil"
247,"stella.moreno@sakilacustomer.org",1,251,"Stella Moreno","1473 Changhwa Parkway","75933","266798132374","Coacalco de Berriozbal","Mexico"
248,"caroline.bowman@sakilacustomer.org",1,252,"Caroline Bowman","1309 Weifang Street","57338","435785045362","Tallahassee","United States"
249,"dora.medina@sakilacustomer.org",2,253,"Dora Medina","1760 Oshawa Manor","38140","56257502250","Tianjin","China"
250,"jo.fowler@sakilacustomer.org",2,254,"Jo Fowler","786 Stara Zagora Way","98332","716256596301","Oyo","Nigeria"
251,"vickie.brewer@sakilacustomer.org",2,255,"Vickie Brewer","1966 Tonghae Street","36481","567359279425","Halle/Saale","Germany"
252,"mattie.hoffman@sakilacustomer.org",2,256,"Mattie Hoffman","1497 Yuzhou Drive","3433","246810237916","London","United Kingdom"
253,"terry.carlson@sakilacustomer.org",1,258,"Terry Carlson","752 Ondo Loop","32474","134673576619","Miyakonojo","Japan"
254,"maxine.silva@sakilacustomer.org",2,259,"Maxine Silva","1338 Zalantun Lane","45403","840522972766","Poos de Caldas","Brazil"
255,"irma.pearson@sakilacustomer.org",2,260,"Irma Pearson","127 Iwakuni Boulevard","20777","987442542471","Hagonoy","Philippines"
256,"mabel.holland@sakilacustomer.org",2,261,"Mabel Holland","51 Laredo Avenue","68146","884536620568","Monywa","Myanmar"
257,"marsha.douglas@sakilacustomer.org",2,262,"Marsha Douglas","771 Yaound Manor","86768","245477603573","Beira","Mozambique"
258,"myrtle.fleming@sakilacustomer.org",1,263,"Myrtle Fleming","532 Toulon Street","69517","46871694740","Santiago de los Caballeros","Dominican Republic"
259,"lena.jensen@sakilacustomer.org",2,264,"Lena Jensen","1027 Banjul Place","50390","538241037443","Halisahar","India"
260,"christy.vargas@sakilacustomer.org",1,265,"Christy Vargas","1158 Mandi Bahauddin Parkway","98484","276555730211","Datong","China"
261,"deanna.byrd@sakilacustomer.org",1,266,"Deanna Byrd","862 Xintai Lane","30065","265153400632","Tuguegarao","Philippines"
262,"patsy.davidson@sakilacustomer.org",2,267,"Patsy Davidson","816 Cayenne Parkway","93629","282874611748","Portoviejo","Ecuador"
263,"hilda.hopkins@sakilacustomer.org",1,268,"Hilda Hopkins","1831 Nam Dinh Loop","51990","322888976727","Mandaluyong","Philippines"
264,"gwendolyn.may@sakilacustomer.org",1,269,"Gwendolyn May","446 Kirovo-Tepetsk Lane","19428","303967439816","Higashiosaka","Japan"
265,"jennie.terry@sakilacustomer.org",2,270,"Jennie Terry","682 Halisahar Place","20536","475553436330","Olomouc","Czech Republic"
266,"nora.herrera@sakilacustomer.org",2,271,"Nora Herrera","1587 Loja Manor","5410","621625204422","Salzburg","Austria"
267,"margie.wade@sakilacustomer.org",1,272,"Margie Wade","1762 Paarl Parkway","53928","192459639410","Lengshuijiang","China"
268,"nina.soto@sakilacustomer.org",1,273,"Nina Soto","1519 Ilorin Place","49298","357445645426","Palghat (Palakkad)","India"
269,"cassandra.walters@sakilacustomer.org",1,274,"Cassandra Walters","920 Kumbakonam Loop","75090","685010736240","Salinas","United States"
270,"leah.curtis@sakilacustomer.org",1,275,"Leah Curtis","906 Goinia Way","83565","701767622697","Kalisz","Poland"
271,"penny.neal@sakilacustomer.org",1,276,"Penny Neal","1675 Xiangfan Manor","11763","271149517630","Kumbakonam","India"
272,"kay.caldwell@sakilacustomer.org",1,277,"Kay Caldwell","85 San Felipe de Puerto Plata Drive","46063","170739645687","Yantai","China"
273,"priscilla.lowe@sakilacustomer.org",2,278,"Priscilla Lowe","144 South Hill Loop","2012","45387294817","Salamanca","Mexico"
274,"naomi.jennings@sakilacustomer.org",1,279,"Naomi Jennings","1884 Shikarpur Avenue","85548","959949395183","Karnal","India"
275,"carole.barnett@sakilacustomer.org",2,280,"Carole Barnett","1980 Kamjanets-Podilskyi Street","89502","874337098891","Peoria","United States"
276,"brandy.graves@sakilacustomer.org",1,281,"Brandy Graves","1944 Bamenda Way","24645","75975221996","Warren","United States"
277,"olga.jimenez@sakilacustomer.org",2,282,"Olga Jimenez","556 Baybay Manor","55802","363982224739","Ogbomosho","Nigeria"
278,"billie.horton@sakilacustomer.org",2,283,"Billie Horton","457 Tongliao Loop","56254","880756161823","Inegl","Turkey"
279,"dianne.shelton@sakilacustomer.org",2,284,"Dianne Shelton","600 Bradford Street","96204","117592274996","Tabriz","Iran"
280,"tracey.barrett@sakilacustomer.org",2,285,"Tracey Barrett","1006 Santa Brbara dOeste Manor","36229","85059738746","Owo","Nigeria"
281,"leona.obrien@sakilacustomer.org",2,286,"Leona Obrien","1308 Sumy Loop","30657","583021225407","Fuzhou","China"
282,"jenny.castro@sakilacustomer.org",2,287,"Jenny Castro","1405 Chisinau Place","8160","62781725285","Ponce","Puerto Rico"
283,"felicia.sutton@sakilacustomer.org",1,288,"Felicia Sutton","226 Halifax Street","58492","790651020929","Korla","China"
284,"sonia.gregory@sakilacustomer.org",1,289,"Sonia Gregory","1279 Udine Parkway","75860","195003555232","Benin City","Nigeria"
285,"miriam.mckinney@sakilacustomer.org",1,290,"Miriam Mckinney","1336 Benin City Drive","46044","341242939532","Otsu","Japan"
286,"velma.lucas@sakilacustomer.org",1,291,"Velma Lucas","1155 Liaocheng Place","22650","558236142492","Effon-Alaiye","Nigeria"
287,"becky.miles@sakilacustomer.org",2,292,"Becky Miles","1993 Tabuk Lane","64221","648482415405","Tambaram","India"
288,"bobbie.craig@sakilacustomer.org",1,293,"Bobbie Craig","86 Higashiosaka Lane","33768","957128697225","Valle de Santiago","Mexico"
289,"violet.rodriquez@sakilacustomer.org",1,294,"Violet Rodriquez","1912 Allende Manor","58124","172262454487","Kowloon and New Kowloon","Hong Kong"
290,"kristina.chambers@sakilacustomer.org",1,295,"Kristina Chambers","544 Tarsus Boulevard","53145","892523334","Valle de la Pascua","Venezuela"
291,"toni.holt@sakilacustomer.org",1,296,"Toni Holt","1936 Cuman Avenue","61195","976798660411","Roanoke","United States"
292,"misty.lambert@sakilacustomer.org",2,297,"Misty Lambert","1192 Tongliao Street","19065","350970907017","Sharja","United Arab Emirates"
293,"mae.fletcher@sakilacustomer.org",2,298,"Mae Fletcher","44 Najafabad Way","61391","96604821070","Donostia-San Sebastin","Spain"
294,"shelly.watts@sakilacustomer.org",2,299,"Shelly Watts","32 Pudukkottai Lane","38834","967274728547","Dayton","United States"
295,"daisy.bates@sakilacustomer.org",1,300,"Daisy Bates","661 Chisinau Lane","8856","816436065431","Kolpino","Russian Federation"
296,"ramona.hale@sakilacustomer.org",2,301,"Ramona Hale","951 Stara Zagora Manor","98573","429925609431","Patiala","India"
297,"sherri.rhodes@sakilacustomer.org",1,302,"Sherri Rhodes","922 Vila Velha Loop","4085","510737228015","Ahmadnagar","India"
298,"erika.pena@sakilacustomer.org",1,303,"Erika Pena","898 Jining Lane","40070","161643343536","Oulu","Finland"
299,"james.gannon@sakilacustomer.org",2,304,"James Gannon","1635 Kuwana Boulevard","52137","710603868323","Hiroshima","Japan"
300,"john.farnsworth@sakilacustomer.org",1,305,"John Farnsworth","41 El Alto Parkway","56883","51917807050","Parbhani","India"
301,"robert.baughman@sakilacustomer.org",2,306,"Robert Baughman","1883 Maikop Lane","68469","96110042435","Kaliningrad","Russian Federation"
302,"michael.silverman@sakilacustomer.org",1,307,"Michael Silverman","1908 Gaziantep Place","58979","108053751300","Tiefa","China"
303,"william.satterfield@sakilacustomer.org",2,308,"William Satterfield","687 Alessandria Parkway","57587","407218522294","Sanaa","Yemen"
304,"david.royal@sakilacustomer.org",2,309,"David Royal","827 Yuncheng Drive","79047","504434452842","Callao","Peru"
305,"richard.mccrary@sakilacustomer.org",1,310,"Richard Mccrary","913 Coacalco de Berriozbal Loop","42141","262088367001","Arlington","United States"
306,"charles.kowalski@sakilacustomer.org",1,311,"Charles Kowalski","715 So Bernardo do Campo Lane","84804","181179321332","Sungai Petani","Malaysia"
307,"joseph.joy@sakilacustomer.org",2,312,"Joseph Joy","1354 Siegen Street","80184","573441801529","Angra dos Reis","Brazil"
308,"thomas.grigsby@sakilacustomer.org",1,313,"Thomas Grigsby","1191 Sungai Petani Boulevard","9668","983259819766","Kansas City","United States"
309,"christopher.greco@sakilacustomer.org",1,314,"Christopher Greco","1224 Huejutla de Reyes Boulevard","70923","806016930576","Brescia","Italy"
310,"daniel.cabral@sakilacustomer.org",2,315,"Daniel Cabral","543 Bergamo Avenue","59686","103602195112","Ibirit","Brazil"
311,"paul.trout@sakilacustomer.org",2,316,"Paul Trout","746 Joliet Lane","94878","688485191923","Kursk","Russian Federation"
312,"mark.rinehart@sakilacustomer.org",2,317,"Mark Rinehart","780 Kimberley Way","17032","824396883951","Tabuk","Saudi Arabia"
313,"donald.mahon@sakilacustomer.org",2,318,"Donald Mahon","1774 Yaound Place","91400","613124286867","Ezhou","China"
314,"george.linton@sakilacustomer.org",1,319,"George Linton","1957 Yantai Lane","59255","704948322302","Sorocaba","Brazil"
315,"kenneth.gooden@sakilacustomer.org",2,320,"Kenneth Gooden","1542 Lubumbashi Boulevard","62472","508800331065","Bat Yam","Israel"
316,"steven.curley@sakilacustomer.org",1,321,"Steven Curley","651 Pathankot Loop","59811","139378397418","Miraj","India"
317,"edward.baugh@sakilacustomer.org",2,322,"Edward Baugh","1359 Zhoushan Parkway","29763","46568045367","Trshavn","Faroe Islands"
318,"brian.wyman@sakilacustomer.org",1,323,"Brian Wyman","1769 Iwaki Lane","25787","556100547674","Bydgoszcz","Poland"
319,"ronald.weiner@sakilacustomer.org",2,324,"Ronald Weiner","1145 Vilnius Manor","73170","674805712553","San Felipe del Progreso","Mexico"
320,"anthony.schwab@sakilacustomer.org",2,325,"Anthony Schwab","1892 Nabereznyje Telny Lane","28396","478229987054","Tafuna","American Samoa"
321,"kevin.schuler@sakilacustomer.org",1,326,"Kevin Schuler","470 Boksburg Street","97960","908029859266","Birgunj","Nepal"
322,"jason.morrissey@sakilacustomer.org",1,327,"Jason Morrissey","1427 A Corua (La Corua) Place","85799","972574862516","Baha Blanca","Argentina"
323,"matthew.mahan@sakilacustomer.org",2,328,"Matthew Mahan","479 San Felipe del Progreso Avenue","54949","869051782691","Cuautla","Mexico"
324,"gary.coy@sakilacustomer.org",2,329,"Gary Coy","867 Benin City Avenue","78543","168884817145","Yuzhou","China"
325,"timothy.bunn@sakilacustomer.org",1,330,"Timothy Bunn","981 Kumbakonam Place","87611","829116184079","Braslia","Brazil"
326,"jose.andrew@sakilacustomer.org",1,331,"Jose Andrew","1016 Iwakuni Street","49833","961370847344","Kingstown","Saint Vincent and the Grenadines"
327,"larry.thrasher@sakilacustomer.org",2,332,"Larry Thrasher","663 Baha Blanca Parkway","33463","834418779292","Adana","Turkey"
328,"jeffrey.spear@sakilacustomer.org",2,333,"Jeffrey Spear","1860 Taguig Loop","59550","38158430589","Ciparay","Indonesia"
329,"frank.waggoner@sakilacustomer.org",2,334,"Frank Waggoner","1816 Bydgoszcz Loop","64308","965273813662","Jamalpur","Bangladesh"
330,"scott.shelley@sakilacustomer.org",1,335,"Scott Shelley","587 Benguela Manor","91590","165450987037","Aurora","United States"
331,"eric.robert@sakilacustomer.org",1,336,"Eric Robert","430 Kumbakonam Drive","28814","105470691550","Santa F","Argentina"
332,"stephen.qualls@sakilacustomer.org",1,337,"Stephen Qualls","1838 Tabriz Lane","1195","38988715447","Dhaka","Bangladesh"
333,"andrew.purdy@sakilacustomer.org",2,338,"Andrew Purdy","431 Szkesfehrvr Avenue","57828","119501405123","Baku","Azerbaijan"
334,"raymond.mcwhorter@sakilacustomer.org",2,339,"Raymond Mcwhorter","503 Sogamoso Loop","49812","834626715837","Sumqayit","Azerbaijan"
335,"gregory.mauldin@sakilacustomer.org",1,340,"Gregory Mauldin","507 Smolensk Loop","22971","80303246192","Sousse","Tunisia"
336,"joshua.mark@sakilacustomer.org",1,341,"Joshua Mark","1920 Weifang Avenue","15643","869507847714","Rampur","India"
337,"jerry.jordon@sakilacustomer.org",1,342,"Jerry Jordon","124 al-Manama Way","52368","647899404952","Onomichi","Japan"
338,"dennis.gilman@sakilacustomer.org",1,343,"Dennis Gilman","1443 Mardan Street","31483","231383037471","Paarl","South Africa"
339,"walter.perryman@sakilacustomer.org",2,344,"Walter Perryman","1909 Benguela Lane","19913","624138001031","Xinxiang","China"
340,"patrick.newsom@sakilacustomer.org",1,345,"Patrick Newsom","68 Ponce Parkway","85926","870635127812","Hanoi","Vietnam"
341,"peter.menard@sakilacustomer.org",1,346,"Peter Menard","1217 Konotop Avenue","504","718917251754","Ede","Netherlands"
342,"harold.martino@sakilacustomer.org",1,347,"Harold Martino","1293 Nam Dinh Way","71583","697656479977","Boa Vista","Brazil"
343,"douglas.graf@sakilacustomer.org",1,348,"Douglas Graf","785 Vaduz Street","36170","895616862749","Mexicali","Mexico"
344,"henry.billingsley@sakilacustomer.org",1,349,"Henry Billingsley","1516 Escobar Drive","46069","64536069371","Nukualofa","Tonga"
345,"carl.artis@sakilacustomer.org",1,350,"Carl Artis","1628 Nagareyama Lane","60079","20064292617","San Lorenzo","Paraguay"
346,"arthur.simpkins@sakilacustomer.org",1,351,"Arthur Simpkins","1157 Nyeri Loop","56380","262744791493","Maikop","Russian Federation"
347,"ryan.salisbury@sakilacustomer.org",2,352,"Ryan Salisbury","1673 Tangail Drive","26857","627924259271","Daugavpils","Latvia"
348,"roger.quintanilla@sakilacustomer.org",2,353,"Roger Quintanilla","381 Kabul Way","87272","55477302294","Hsichuh","Taiwan"
349,"joe.gilliland@sakilacustomer.org",2,354,"Joe Gilliland","953 Hodeida Street","18841","53912826864","Imus","Philippines"
350,"juan.fraley@sakilacustomer.org",1,355,"Juan Fraley","469 Nakhon Sawan Street","58866","689199636560","Teboksary","Russian Federation"
351,"jack.foust@sakilacustomer.org",1,356,"Jack Foust","1378 Beira Loop","40792","840957664136","Zeleznogorsk","Russian Federation"
352,"albert.crouse@sakilacustomer.org",1,357,"Albert Crouse","1641 Changhwa Place","37636","256546485220","Bamenda","Cameroon"
353,"jonathan.scarborough@sakilacustomer.org",1,358,"Jonathan Scarborough","1698 Southport Loop","49009","754358349853","Pachuca de Soto","Mexico"
354,"justin.ngo@sakilacustomer.org",2,359,"Justin Ngo","519 Nyeri Manor","37650","764680915323","Santo Andr","Brazil"
355,"terry.grissom@sakilacustomer.org",2,360,"Terry Grissom","619 Hunuco Avenue","81508","142596392389","Matsue","Japan"
356,"gerald.fultz@sakilacustomer.org",2,361,"Gerald Fultz","45 Aparecida de Goinia Place","7431","650496654258","Satna","India"
357,"keith.rico@sakilacustomer.org",1,362,"Keith Rico","482 Kowloon and New Kowloon Manor","97056","738968474939","Bratislava","Slovakia"
358,"samuel.marlow@sakilacustomer.org",2,363,"Samuel Marlow","604 Bern Place","5373","620719383725","Ranchi","India"
359,"willie.markham@sakilacustomer.org",2,364,"Willie Markham","1623 Kingstown Drive","91299","296394569728","Almirante Brown","Argentina"
360,"ralph.madrigal@sakilacustomer.org",2,365,"Ralph Madrigal","1009 Zanzibar Lane","64875","102396298916","Arecibo","Puerto Rico"
361,"lawrence.lawton@sakilacustomer.org",2,366,"Lawrence Lawton","114 Jalib al-Shuyukh Manor","60440","845378657301","Yaound","Cameroon"
362,"nicholas.barfield@sakilacustomer.org",1,367,"Nicholas Barfield","1163 London Parkway","6066","675120358494","Belm","Brazil"
363,"roy.whiting@sakilacustomer.org",2,368,"Roy Whiting","1658 Jastrzebie-Zdrj Loop","96584","568367775448","Nyeri","Kenya"
364,"benjamin.varney@sakilacustomer.org",1,369,"Benjamin Varney","817 Laredo Avenue","77449","151249681135","Guadalajara","Mexico"
365,"bruce.schwarz@sakilacustomer.org",2,370,"Bruce Schwarz","1565 Tangail Manor","45750","634445428822","Okinawa","Japan"
366,"brandon.huey@sakilacustomer.org",1,371,"Brandon Huey","1912 Emeishan Drive","33050","99883471275","Balikesir","Turkey"
367,"adam.gooch@sakilacustomer.org",1,372,"Adam Gooch","230 Urawa Drive","2738","166898395731","Adoni","India"
368,"harry.arce@sakilacustomer.org",1,373,"Harry Arce","1922 Miraj Way","13203","320471479776","Najafabad","Iran"
369,"fred.wheat@sakilacustomer.org",2,374,"Fred Wheat","433 Florencia Street","91330","561729882725","Jurez","Mexico"
370,"wayne.truong@sakilacustomer.org",2,375,"Wayne Truong","1049 Matamoros Parkway","69640","960505250340","Gulbarga","India"
371,"billy.poulin@sakilacustomer.org",1,376,"Billy Poulin","1061 Ede Avenue","57810","333390595558","Cabuyao","Philippines"
372,"steve.mackenzie@sakilacustomer.org",2,377,"Steve Mackenzie","154 Oshawa Manor","72771","440365973660","Probolinggo","Indonesia"
373,"louis.leone@sakilacustomer.org",1,378,"Louis Leone","1191 Tandil Drive","6362","45554316010","Tanauan","Philippines"
374,"jeremy.hurtado@sakilacustomer.org",2,379,"Jeremy Hurtado","1133 Rizhao Avenue","2800","600264533987","Vitria de Santo Anto","Brazil"
375,"aaron.selby@sakilacustomer.org",2,380,"Aaron Selby","1519 Santiago de los Caballeros Loop","22025","409315295763","Mwene-Ditu","Congo, The Democratic Republic of the"
376,"randy.gaither@sakilacustomer.org",1,381,"Randy Gaither","1618 Olomouc Manor","26385","96846695220","Kurgan","Russian Federation"
377,"howard.fortner@sakilacustomer.org",1,382,"Howard Fortner","220 Hidalgo Drive","45298","342720754566","Kermanshah","Iran"
378,"eugene.culpepper@sakilacustomer.org",1,383,"Eugene Culpepper","686 Donostia-San Sebastin Lane","97390","71857599858","Shenzhen","China"
379,"carlos.coughlin@sakilacustomer.org",1,384,"Carlos Coughlin","97 Mogiljov Lane","89294","924815207181","Bhavnagar","India"
380,"russell.brinson@sakilacustomer.org",1,385,"Russell Brinson","1642 Charlotte Amalie Drive","75442","821476736117","Tychy","Poland"
381,"bobby.boudreau@sakilacustomer.org",2,386,"Bobby Boudreau","1368 Maracabo Boulevard","32716","934352415130","South Hill","Anguilla"
382,"victor.barkley@sakilacustomer.org",2,387,"Victor Barkley","401 Sucre Boulevard","25007","486395999608","Manchester","United States"
383,"martin.bales@sakilacustomer.org",1,388,"Martin Bales","368 Hunuco Boulevard","17165","106439158941","Namibe","Angola"
384,"ernest.stepp@sakilacustomer.org",2,389,"Ernest Stepp","500 Lincoln Parkway","95509","550306965159","Huaian","China"
385,"phillip.holm@sakilacustomer.org",1,390,"Phillip Holm","102 Chapra Drive","14073","776031833752","Tama","Japan"
386,"todd.tan@sakilacustomer.org",1,391,"Todd Tan","1793 Meixian Place","33535","619966287415","Kamjanets-Podilskyi","Ukraine"
387,"jesse.schilling@sakilacustomer.org",2,392,"Jesse Schilling","514 Ife Way","69973","900235712074","Lubumbashi","Congo, The Democratic Republic of the"
388,"craig.morrell@sakilacustomer.org",2,393,"Craig Morrell","717 Changzhou Lane","21615","426255288071","Cavite","Philippines"
389,"alan.kahn@sakilacustomer.org",1,394,"Alan Kahn","753 Ilorin Avenue","3656","464511145118","Emeishan","China"
390,"shawn.heaton@sakilacustomer.org",1,395,"Shawn Heaton","1337 Mit Ghamr Avenue","29810","175283210378","Nakhon Sawan","Thailand"
391,"clarence.gamez@sakilacustomer.org",1,396,"Clarence Gamez","767 Pyongyang Drive","83536","667736124769","Izumisano","Japan"
392,"sean.douglass@sakilacustomer.org",2,397,"Sean Douglass","614 Pak Kret Street","27796","47808359842","Addis Abeba","Ethiopia"
393,"philip.causey@sakilacustomer.org",1,398,"Philip Causey","954 Lapu-Lapu Way","8816","737229003916","Korolev","Russian Federation"
394,"chris.brothers@sakilacustomer.org",2,399,"Chris Brothers","331 Bydgoszcz Parkway","966","537374465982","Gijn","Spain"
395,"johnny.turpin@sakilacustomer.org",2,400,"Johnny Turpin","1152 Citrus Heights Manor","5239","765957414528","al-Qadarif","Sudan"
396,"earl.shanks@sakilacustomer.org",1,401,"Earl Shanks","168 Cianjur Manor","73824","679095087143","Iwatsuki","Japan"
397,"jimmy.schrader@sakilacustomer.org",1,402,"Jimmy Schrader","616 Hagonoy Avenue","46043","604177838256","Atinsk","Russian Federation"
398,"antonio.meek@sakilacustomer.org",1,403,"Antonio Meek","1190 0 Place","10417","841876514789","Bag","Brazil"
399,"danny.isom@sakilacustomer.org",1,404,"Danny Isom","734 Bchar Place","30586","280578750435","Okara","Pakistan"
400,"bryan.hardison@sakilacustomer.org",2,405,"Bryan Hardison","530 Lausanne Lane","11067","775235029633","Dallas","United States"
401,"tony.carranza@sakilacustomer.org",2,406,"Tony Carranza","454 Patiala Lane","13496","794553031307","Koriyama","Japan"
402,"luis.yanez@sakilacustomer.org",1,407,"Luis Yanez","1346 Mysore Drive","61507","516647474029","Brest","France"
403,"mike.way@sakilacustomer.org",1,408,"Mike Way","990 Etawah Loop","79940","206169448769","Valparai","India"
404,"stanley.scroggins@sakilacustomer.org",2,409,"Stanley Scroggins","1266 Laredo Parkway","7664","1483365694","Omiya","Japan"
405,"leonard.schofield@sakilacustomer.org",1,410,"Leonard Schofield","88 Nagaon Manor","86868","779461480495","Tandil","Argentina"
406,"nathan.runyon@sakilacustomer.org",1,411,"Nathan Runyon","264 Bhimavaram Manor","54749","302526949177","Charlotte Amalie","Virgin Islands, U.S."
407,"dale.ratcliff@sakilacustomer.org",1,412,"Dale Ratcliff","1639 Saarbrcken Drive","9827","328494873422","Rustenburg","South Africa"
408,"manuel.murrell@sakilacustomer.org",1,413,"Manuel Murrell","692 Amroha Drive","35575","359478883004","Jaffna","Sri Lanka"
409,"rodney.moeller@sakilacustomer.org",2,414,"Rodney Moeller","1936 Lapu-Lapu Parkway","7122","653436985797","Deba Habe","Nigeria"
410,"curtis.irby@sakilacustomer.org",2,415,"Curtis Irby","432 Garden Grove Street","65630","615964523510","Richmond Hill","Canada"
411,"norman.currier@sakilacustomer.org",1,416,"Norman Currier","1445 Carmen Parkway","70809","598912394463","Cianjur","Indonesia"
412,"allen.butterfield@sakilacustomer.org",2,417,"Allen Butterfield","791 Salinas Street","40509","129953030512","Hoshiarpur","India"
413,"marvin.yee@sakilacustomer.org",2,418,"Marvin Yee","126 Acua Parkway","58888","480039662421","Berhampore (Baharampur)","India"
414,"vincent.ralston@sakilacustomer.org",1,419,"Vincent Ralston","397 Sunnyvale Avenue","55566","680851640676","Allende","Mexico"
415,"glenn.pullen@sakilacustomer.org",1,420,"Glenn Pullen","992 Klerksdorp Loop","33711","855290087237","Amersfoort","Netherlands"
416,"jeffery.pinson@sakilacustomer.org",2,421,"Jeffery Pinson","966 Arecibo Loop","94018","15273765306","Dadu","Pakistan"
417,"travis.estep@sakilacustomer.org",1,422,"Travis Estep","289 Santo Andr Manor","72410","214976066017","al-Qatif","Saudi Arabia"
418,"jeff.east@sakilacustomer.org",2,423,"Jeff East","437 Chungho Drive","59489","491271355190","San Felipe de Puerto Plata","Dominican Republic"
419,"chad.carbone@sakilacustomer.org",1,424,"Chad Carbone","1948 Bayugan Parkway","60622","987306329957","Katihar","India"
420,"jacob.lance@sakilacustomer.org",1,425,"Jacob Lance","1866 al-Qatif Avenue","89420","546793516940","El Monte","United States"
421,"lee.hawks@sakilacustomer.org",1,426,"Lee Hawks","1661 Abha Drive","14400","270456873752","Pudukkottai","India"
422,"melvin.ellington@sakilacustomer.org",1,427,"Melvin Ellington","1557 Cape Coral Parkway","46875","368284120423","Laohekou","China"
423,"alfred.casillas@sakilacustomer.org",2,428,"Alfred Casillas","1727 Matamoros Place","78813","129673677866","Sawhaj","Egypt"
424,"kyle.spurlock@sakilacustomer.org",2,429,"Kyle Spurlock","1269 Botosani Manor","47394","736517327853","Shanwei","China"
425,"francis.sikes@sakilacustomer.org",2,430,"Francis Sikes","355 Vitria de Santo Anto Way","81758","548003849552","San Juan Bautista Tuxtepec","Mexico"
426,"bradley.motley@sakilacustomer.org",1,431,"Bradley Motley","1596 Acua Parkway","70425","157133457169","Purnea (Purnia)","India"
427,"jesus.mccartney@sakilacustomer.org",2,432,"Jesus Mccartney","259 Ipoh Drive","64964","419009857119","Guaruj","Brazil"
428,"herbert.kruger@sakilacustomer.org",2,433,"Herbert Kruger","1823 Hoshiarpur Lane","33191","307133768620","Syktyvkar","Russian Federation"
429,"frederick.isbell@sakilacustomer.org",2,434,"Frederick Isbell","1404 Taguig Drive","87212","572068624538","Tsuyama","Japan"
430,"ray.houle@sakilacustomer.org",1,435,"Ray Houle","740 Udaipur Lane","33505","497288595103","Dzerzinsk","Russian Federation"
431,"joel.francisco@sakilacustomer.org",2,436,"Joel Francisco","287 Cuautla Boulevard","72736","82619513349","Sucre","Bolivia"
432,"edwin.burk@sakilacustomer.org",1,437,"Edwin Burk","1766 Almirante Brown Street","63104","617567598243","Newcastle","South Africa"
433,"don.bone@sakilacustomer.org",1,438,"Don Bone","596 Huixquilucan Place","65892","342709348083","Naala-Porto","Mozambique"
434,"eddie.tomlin@sakilacustomer.org",1,439,"Eddie Tomlin","1351 Aparecida de Goinia Parkway","41775","959834530529","Ozamis","Philippines"
435,"ricky.shelby@sakilacustomer.org",2,440,"Ricky Shelby","722 Bradford Lane","90920","746251338300","Junan","China"
436,"troy.quigley@sakilacustomer.org",1,441,"Troy Quigley","983 Santa F Way","47472","145720452260","Vancouver","Canada"
437,"randall.neumann@sakilacustomer.org",2,442,"Randall Neumann","1245 Ibirit Way","40926","331888642162","La Romana","Dominican Republic"
438,"barry.lovelace@sakilacustomer.org",1,443,"Barry Lovelace","1836 Korla Parkway","55405","689681677428","Kitwe","Zambia"
439,"alexander.fennell@sakilacustomer.org",2,444,"Alexander Fennell","231 Kaliningrad Place","57833","575081026569","Bergamo","Italy"
440,"bernard.colby@sakilacustomer.org",1,445,"Bernard Colby","495 Bhimavaram Lane","3","82088937724","Dhule (Dhulia)","India"
441,"mario.cheatham@sakilacustomer.org",1,446,"Mario Cheatham","1924 Shimonoseki Drive","52625","406784385440","Batna","Algeria"
442,"leroy.bustamante@sakilacustomer.org",1,447,"Leroy Bustamante","105 Dzerzinsk Manor","48570","240776414296","Tongliao","China"
443,"francisco.skidmore@sakilacustomer.org",2,448,"Francisco Skidmore","614 Denizli Parkway","29444","876491807547","So Leopoldo","Brazil"
444,"marcus.hidalgo@sakilacustomer.org",2,449,"Marcus Hidalgo","1289 Belm Boulevard","88306","237368926031","Tartu","Estonia"
445,"micheal.forman@sakilacustomer.org",1,450,"Micheal Forman","203 Tambaram Street","73942","411549550611","Escobar","Argentina"
446,"theodore.culp@sakilacustomer.org",2,451,"Theodore Culp","1704 Tambaram Manor","2834","39463554936","Uluberia","India"
447,"clifford.bowens@sakilacustomer.org",1,452,"Clifford Bowens","207 Cuernavaca Loop","52671","782900030287","Nabereznyje Telny","Russian Federation"
448,"miguel.betancourt@sakilacustomer.org",1,453,"Miguel Betancourt","319 Springs Loop","99552","72524459905","Erlangen","Germany"
449,"oscar.aquino@sakilacustomer.org",2,454,"Oscar Aquino","956 Nam Dinh Manor","21872","474047727727","Sirjan","Iran"
450,"jay.robb@sakilacustomer.org",1,455,"Jay Robb","1947 Paarl Way","23636","834061016202","Surakarta","Indonesia"
451,"jim.rea@sakilacustomer.org",1,456,"Jim Rea","814 Simferopol Loop","48745","524567129902","El Fuerte","Mexico"
452,"tom.milner@sakilacustomer.org",1,457,"Tom Milner","535 Ahmadnagar Manor","41136","985109775584","Abu Dhabi","United Arab Emirates"
453,"calvin.martel@sakilacustomer.org",1,458,"Calvin Martel","138 Caracas Boulevard","16790","974433019532","Maracabo","Venezuela"
454,"alex.gresham@sakilacustomer.org",2,459,"Alex Gresham","251 Florencia Drive","16119","118011831565","Uruapan","Mexico"
455,"jon.wiles@sakilacustomer.org",2,460,"Jon Wiles","659 Gatineau Boulevard","28587","205524798287","El Alto","Bolivia"
456,"ronnie.ricketts@sakilacustomer.org",2,461,"Ronnie Ricketts","1889 Valparai Way","75559","670370974122","Ziguinchor","Senegal"
457,"bill.gavin@sakilacustomer.org",2,462,"Bill Gavin","1485 Bratislava Place","83183","924663855568","Rockford","United States"
458,"lloyd.dowd@sakilacustomer.org",1,463,"Lloyd Dowd","935 Aden Boulevard","64709","335052544020","Tegal","Indonesia"
459,"tommy.collazo@sakilacustomer.org",1,464,"Tommy Collazo","76 Kermanshah Manor","23343","762361821578","Qomsheh","Iran"
460,"leon.bostic@sakilacustomer.org",1,465,"Leon Bostic","734 Tanshui Avenue","70664","366776723320","Florencia","Colombia"
461,"derek.blakely@sakilacustomer.org",1,466,"Derek Blakely","118 Jaffna Loop","10447","325526730021","Gingoog","Philippines"
462,"warren.sherrod@sakilacustomer.org",2,467,"Warren Sherrod","1621 Tongliao Avenue","22173","209342540247","Usolje-Sibirskoje","Russian Federation"
463,"darrell.power@sakilacustomer.org",2,468,"Darrell Power","1844 Usak Avenue","84461","164414772677","Halifax","Canada"
464,"jerome.kenyon@sakilacustomer.org",1,469,"Jerome Kenyon","1872 Toulon Loop","7939","928809465153","Rancagua","Chile"
465,"floyd.gandy@sakilacustomer.org",1,470,"Floyd Gandy","1088 Ibirit Place","88502","49084281333","Zapopan","Mexico"
466,"leo.ebert@sakilacustomer.org",1,471,"Leo Ebert","1322 Mosul Parkway","95400","268053970382","Dongying","China"
467,"alvin.deloach@sakilacustomer.org",2,472,"Alvin Deloach","1447 Chatsworth Place","41545","769370126331","Cuauhtmoc","Mexico"
468,"tim.cary@sakilacustomer.org",1,473,"Tim Cary","1257 Guadalajara Street","33599","195337700615","Bijapur","India"
469,"wesley.bull@sakilacustomer.org",2,474,"Wesley Bull","1469 Plock Lane","95835","622884741180","Ourense (Orense)","Spain"
470,"gordon.allard@sakilacustomer.org",1,475,"Gordon Allard","434 Ourense (Orense) Manor","14122","562370137426","Hodeida","Yemen"
471,"dean.sauer@sakilacustomer.org",1,476,"Dean Sauer","270 Tambaram Parkway","9668","248446668735","Johannesburg","South Africa"
472,"greg.robins@sakilacustomer.org",1,477,"Greg Robins","1786 Salinas Place","66546","206060652238","Nam Dinh","Vietnam"
473,"jorge.olivares@sakilacustomer.org",2,478,"Jorge Olivares","1078 Stara Zagora Drive","69221","932992626595","Lhokseumawe","Indonesia"
474,"dustin.gillette@sakilacustomer.org",2,479,"Dustin Gillette","1854 Okara Boulevard","42123","131912793873","Emmen","Netherlands"
475,"pedro.chestnut@sakilacustomer.org",2,480,"Pedro Chestnut","421 Yaound Street","11363","726875628268","ostka","Ukraine"
476,"derrick.bourque@sakilacustomer.org",1,481,"Derrick Bourque","1153 Allende Way","20336","856872225376","Gatineau","Canada"
477,"dan.paine@sakilacustomer.org",1,482,"Dan Paine","808 Naala-Porto Parkway","41060","553452430707","Stockport","United Kingdom"
478,"lewis.lyman@sakilacustomer.org",1,483,"Lewis Lyman","632 Usolje-Sibirskoje Parkway","73085","667648979883","Ashqelon","Israel"
479,"zachary.hite@sakilacustomer.org",1,484,"Zachary Hite","98 Pyongyang Boulevard","88749","191958435142","Akron","United States"
480,"corey.hauser@sakilacustomer.org",1,485,"Corey Hauser","984 Novoterkassk Loop","28165","435118527255","Gaziantep","Turkey"
481,"herman.devore@sakilacustomer.org",1,486,"Herman Devore","64 Korla Street","25145","510383179153","Mwanza","Tanzania"
482,"maurice.crawley@sakilacustomer.org",1,487,"Maurice Crawley","1785 So Bernardo do Campo Street","71182","684529463244","Coatzacoalcos","Mexico"
483,"vernon.chapa@sakilacustomer.org",2,488,"Vernon Chapa","698 Jelets Boulevard","2596","975185523021","Denizli","Turkey"
484,"roberto.vu@sakilacustomer.org",1,489,"Roberto Vu","1297 Alvorada Parkway","11839","508348602835","Yinchuan","China"
485,"clyde.tobias@sakilacustomer.org",1,490,"Clyde Tobias","1909 Dayton Avenue","88513","702955450528","Shaoguan","China"
486,"glen.talbert@sakilacustomer.org",1,491,"Glen Talbert","1789 Saint-Denis Parkway","8268","936806643983","Acua","Mexico"
487,"hector.poindexter@sakilacustomer.org",2,492,"Hector Poindexter","185 Mannheim Lane","23661","589377568313","Pjatigorsk","Russian Federation"
488,"shane.millard@sakilacustomer.org",2,493,"Shane Millard","184 Mandaluyong Street","94239","488425406814","La Paz","Mexico"
489,"ricardo.meador@sakilacustomer.org",1,494,"Ricardo Meador","591 Sungai Petani Drive","46400","37247325001","Okayama","Japan"
490,"sam.mcduffie@sakilacustomer.org",1,495,"Sam Mcduffie","656 Matamoros Drive","19489","17305839123","Sogamoso","Colombia"
491,"rick.mattox@sakilacustomer.org",2,496,"Rick Mattox","775 ostka Drive","22358","171973024401","Mit Ghamr","Egypt"
492,"lester.kraus@sakilacustomer.org",2,497,"Lester Kraus","1013 Tabuk Boulevard","96203","158399646978","Kanchrapara","India"
493,"brent.harkins@sakilacustomer.org",1,498,"Brent Harkins","319 Plock Parkway","26101","854259976812","Sultanbeyli","Turkey"
494,"ramon.choate@sakilacustomer.org",2,499,"Ramon Choate","1954 Kowloon and New Kowloon Way","63667","898559280434","Robamba","Ecuador"
495,"charlie.bess@sakilacustomer.org",2,500,"Charlie Bess","362 Rajkot Lane","98030","962020153680","Baiyin","China"
496,"tyler.wren@sakilacustomer.org",2,501,"Tyler Wren","1060 Tandil Lane","72349","211256301880","Rizhao","China"
497,"gilbert.sledge@sakilacustomer.org",2,502,"Gilbert Sledge","1515 Korla Way","57197","959467760895","York","United Kingdom"
498,"gene.sanborn@sakilacustomer.org",1,503,"Gene Sanborn","1416 San Juan Bautista Tuxtepec Avenue","50592","144206758053","Salala","Oman"
499,"marc.outlaw@sakilacustomer.org",2,504,"Marc Outlaw","1 Valle de Santiago Avenue","86208","465897838272","Brindisi","Italy"
500,"reginald.kinder@sakilacustomer.org",1,505,"Reginald Kinder","519 Brescia Parkway","69504","793996678771","Madiun","Indonesia"
501,"ruben.geary@sakilacustomer.org",1,506,"Ruben Geary","414 Mandaluyong Street","16370","52709222667","Lublin","Poland"
502,"brett.cornwell@sakilacustomer.org",1,507,"Brett Cornwell","1197 Sokoto Boulevard","87687","868602816371","Siliguri (Shiliguri)","India"
503,"angel.barclay@sakilacustomer.org",1,508,"Angel Barclay","496 Celaya Drive","90797","759586584889","Ueda","Japan"
504,"nathaniel.adam@sakilacustomer.org",1,509,"Nathaniel Adam","786 Matsue Way","37469","111177206479","Joliet","United States"
505,"rafael.abney@sakilacustomer.org",1,510,"Rafael Abney","48 Maracabo Place","1570","82671830126","Talavera","Philippines"
506,"leslie.seward@sakilacustomer.org",2,511,"Leslie Seward","1152 al-Qatif Lane","44816","131370665218","Pontianak","Indonesia"
507,"edgar.rhoads@sakilacustomer.org",2,512,"Edgar Rhoads","1269 Ipoh Avenue","54674","402630109080","Eskisehir","Turkey"
508,"milton.howland@sakilacustomer.org",2,513,"Milton Howland","758 Korolev Parkway","75474","441628280920","Vijayawada","India"
509,"raul.fortier@sakilacustomer.org",1,514,"Raul Fortier","1747 Rustenburg Place","51369","442673923363","Chapra","India"
510,"ben.easter@sakilacustomer.org",2,515,"Ben Easter","886 Tonghae Place","19450","711928348157","Kamyin","Russian Federation"
511,"chester.benner@sakilacustomer.org",1,516,"Chester Benner","1574 Goinia Boulevard","39529","59634255214","Suihua","China"
512,"cecil.vines@sakilacustomer.org",1,517,"Cecil Vines","548 Uruapan Street","35653","879347453467","London","United Kingdom"
513,"duane.tubbs@sakilacustomer.org",2,519,"Duane Tubbs","962 Tama Loop","65952","282667506728","Yangor","Nauru"
514,"franklin.troutman@sakilacustomer.org",2,520,"Franklin Troutman","1778 Gijn Manor","35156","288910576761","Zaoyang","China"
515,"andre.rapp@sakilacustomer.org",1,521,"Andre Rapp","568 Dhule (Dhulia) Loop","92568","602101369463","Coquimbo","Chile"
516,"elmer.noe@sakilacustomer.org",2,522,"Elmer Noe","1768 Udine Loop","32347","448876499197","Battambang","Cambodia"
517,"brad.mccurdy@sakilacustomer.org",2,523,"Brad Mccurdy","608 Birgunj Parkway","400","627425618482","Chungho","Taiwan"
518,"gabriel.harder@sakilacustomer.org",1,524,"Gabriel Harder","680 A Corua (La Corua) Manor","49806","158326114853","Sivas","Turkey"
519,"ron.deluca@sakilacustomer.org",2,525,"Ron Deluca","1949 Sanya Street","61244","132100972047","Isesaki","Japan"
520,"mitchell.westmoreland@sakilacustomer.org",2,526,"Mitchell Westmoreland","617 Klerksdorp Place","94707","574973479129","Nha Trang","Vietnam"
521,"roland.south@sakilacustomer.org",2,527,"Roland South","1993 0 Loop","41214","25865528181","Yingkou","China"
522,"arnold.havens@sakilacustomer.org",2,528,"Arnold Havens","1176 Southend-on-Sea Manor","81651","236679267178","Santa Rosa","Philippines"
523,"harvey.guajardo@sakilacustomer.org",1,529,"Harvey Guajardo","600 Purnea (Purnia) Avenue","18043","638409958875","Vinh","Vietnam"
525,"adrian.clary@sakilacustomer.org",2,531,"Adrian Clary","1986 Sivas Place","95775","182059202712","Udine","Italy"
526,"karl.seal@sakilacustomer.org",2,532,"Karl Seal","1427 Tabuk Place","31342","214756839122","Cape Coral","United States"
527,"cory.meehan@sakilacustomer.org",1,533,"Cory Meehan","556 Asuncin Way","35364","338244023543","Mogiljov","Belarus"
528,"claude.herzog@sakilacustomer.org",1,534,"Claude Herzog","486 Ondo Parkway","35202","105882218332","Benguela","Angola"
529,"erik.guillen@sakilacustomer.org",2,535,"Erik Guillen","635 Brest Manor","40899","80593242951","Bhimavaram","India"
530,"darryl.ashcraft@sakilacustomer.org",2,536,"Darryl Ashcraft","166 Jinchang Street","86760","717566026669","Ezeiza","Argentina"
531,"jamie.waugh@sakilacustomer.org",2,537,"Jamie Waugh","958 Sagamihara Lane","88408","427274926505","Kuwana","Japan"
532,"neil.renner@sakilacustomer.org",2,538,"Neil Renner","1817 Livorno Way","79401","478380208348","Cam Ranh","Vietnam"
533,"jessie.milam@sakilacustomer.org",1,539,"Jessie Milam","1332 Gaziantep Lane","22813","383353187467","Binzhou","China"
534,"christian.jung@sakilacustomer.org",1,540,"Christian Jung","949 Allende Lane","67521","122981120653","Amroha","India"
535,"javier.elrod@sakilacustomer.org",1,541,"Javier Elrod","195 Ilorin Street","49250","8912935608","NDjamna","Chad"
536,"fernando.churchill@sakilacustomer.org",2,542,"Fernando Churchill","193 Bhusawal Place","9750","745267607502","Tonghae","South Korea"
537,"clinton.buford@sakilacustomer.org",2,543,"Clinton Buford","43 Vilnius Manor","79814","484500282381","Aurora","United States"
538,"ted.breaux@sakilacustomer.org",2,544,"Ted Breaux","183 Haiphong Street","69953","488600270038","Baicheng","China"
539,"mathew.bolin@sakilacustomer.org",1,545,"Mathew Bolin","163 Augusta-Richmond County Loop","33030","754579047924","Valencia","Venezuela"
540,"tyrone.asher@sakilacustomer.org",1,546,"Tyrone Asher","191 Jos Azueta Parkway","13629","932156667696","Ruse","Bulgaria"
541,"darren.windham@sakilacustomer.org",2,547,"Darren Windham","379 Lublin Parkway","74568","921960450089","Livorno","Italy"
542,"lonnie.tirado@sakilacustomer.org",2,548,"Lonnie Tirado","1658 Cuman Loop","51309","784907335610","Pangkal Pinang","Indonesia"
543,"lance.pemberton@sakilacustomer.org",1,549,"Lance Pemberton","454 Qinhuangdao Drive","25866","786270036240","Beni-Mellal","Morocco"
544,"cody.nolen@sakilacustomer.org",2,550,"Cody Nolen","1715 Okayama Street","55676","169352919175","So Bernardo do Campo","Brazil"
545,"julio.noland@sakilacustomer.org",2,551,"Julio Noland","182 Nukualofa Drive","15414","426346224043","Konotop","Ukraine"
546,"kelly.knott@sakilacustomer.org",1,552,"Kelly Knott","390 Wroclaw Way","5753","357593328658","Sanya","China"
547,"kurt.emmons@sakilacustomer.org",1,553,"Kurt Emmons","1421 Quilmes Lane","19151","135407755975","Kanazawa","Japan"
548,"allan.cornish@sakilacustomer.org",1,554,"Allan Cornish","947 Trshavn Place","841","50898428626","Tarlac","Philippines"
549,"nelson.christenson@sakilacustomer.org",1,555,"Nelson Christenson","1764 Jalib al-Shuyukh Parkway","77642","84794532510","Santiago de Compostela","Spain"
550,"guy.brownlee@sakilacustomer.org",2,556,"Guy Brownlee","346 Cam Ranh Avenue","39976","978430786151","Zhoushan","China"
551,"clayton.barbee@sakilacustomer.org",2,557,"Clayton Barbee","1407 Pachuca de Soto Place","26284","380077794770","Alvorada","Brazil"
552,"hugh.waldrop@sakilacustomer.org",2,558,"Hugh Waldrop","904 Clarksville Drive","52234","955349440539","Haining","China"
553,"max.pitt@sakilacustomer.org",1,559,"Max Pitt","1917 Kumbakonam Parkway","11892","698182547686","Novi Sad","Yugoslavia"
554,"dwayne.olvera@sakilacustomer.org",1,560,"Dwayne Olvera","1447 Imus Place","12905","62127829280","Rajkot","India"
555,"dwight.lombardi@sakilacustomer.org",1,561,"Dwight Lombardi","1497 Fengshan Drive","63022","368738360376","Chatsworth","South Africa"
556,"armando.gruber@sakilacustomer.org",2,562,"Armando Gruber","869 Shikarpur Way","57380","590764256785","Southport","United Kingdom"
557,"felix.gaffney@sakilacustomer.org",1,563,"Felix Gaffney","1059 Yuncheng Avenue","47498","107092893983","Vilnius","Lithuania"
558,"jimmie.eggleston@sakilacustomer.org",1,564,"Jimmie Eggleston","505 Madiun Boulevard","97271","970638808606","Wroclaw","Poland"
559,"everett.banda@sakilacustomer.org",2,565,"Everett Banda","1741 Hoshiarpur Boulevard","22372","855066328617","Bilbays","Egypt"
560,"jordan.archuleta@sakilacustomer.org",1,566,"Jordan Archuleta","1229 Varanasi (Benares) Manor","40195","817740355461","Avellaneda","Argentina"
561,"ian.still@sakilacustomer.org",2,567,"Ian Still","1894 Boa Vista Way","77464","239357986667","Garland","United States"
562,"wallace.slone@sakilacustomer.org",1,568,"Wallace Slone","1342 Sharja Way","93655","946114054231","Sokoto","Nigeria"
563,"ken.prewitt@sakilacustomer.org",2,569,"Ken Prewitt","1342 Abha Boulevard","10714","997453607116","Bucuresti","Romania"
564,"bob.pfeiffer@sakilacustomer.org",2,570,"Bob Pfeiffer","415 Pune Avenue","44274","203202500108","Xintai","China"
565,"jaime.nettles@sakilacustomer.org",2,571,"Jaime Nettles","1746 Faaa Way","32515","863080561151","Hunuco","Peru"
566,"casey.mena@sakilacustomer.org",1,572,"Casey Mena","539 Hami Way","52196","525518075499","Tokat","Turkey"
567,"alfredo.mcadams@sakilacustomer.org",2,573,"Alfredo Mcadams","1407 Surakarta Manor","33224","324346485054","Serpuhov","Russian Federation"
568,"alberto.henning@sakilacustomer.org",2,574,"Alberto Henning","502 Mandi Bahauddin Parkway","15992","618156722572","Barcelona","Venezuela"
569,"dave.gardiner@sakilacustomer.org",2,575,"Dave Gardiner","1052 Pathankot Avenue","77397","128499386727","Leshan","China"
570,"ivan.cromwell@sakilacustomer.org",2,576,"Ivan Cromwell","1351 Sousse Lane","37815","203804046132","Monclova","Mexico"
571,"johnnie.chisholm@sakilacustomer.org",2,577,"Johnnie Chisholm","1501 Pangkal Pinang Avenue","943","770864062795","Plock","Poland"
572,"sidney.burleson@sakilacustomer.org",1,578,"Sidney Burleson","1405 Hagonoy Avenue","86587","867287719310","Czestochowa","Poland"
573,"byron.box@sakilacustomer.org",1,579,"Byron Box","521 San Juan Bautista Tuxtepec Place","95093","844018348565","Zhezqazghan","Kazakstan"
574,"julian.vest@sakilacustomer.org",2,580,"Julian Vest","923 Tangail Boulevard","33384","315528269898","Akishima","Japan"
575,"isaac.oglesby@sakilacustomer.org",2,581,"Isaac Oglesby","186 Skikda Lane","89422","14465669789","Cuernavaca","Mexico"
576,"morris.mccarter@sakilacustomer.org",2,582,"Morris Mccarter","1568 Celaya Parkway","34750","278669994384","Fengshan","Taiwan"
577,"clifton.malcolm@sakilacustomer.org",2,583,"Clifton Malcolm","1489 Kakamigahara Lane","98883","29341849811","Tanshui","Taiwan"
578,"willard.lumpkin@sakilacustomer.org",2,584,"Willard Lumpkin","1819 Alessandria Loop","53829","377633994405","Carmen","Mexico"
579,"daryl.larue@sakilacustomer.org",2,585,"Daryl Larue","1208 Tama Loop","73605","954786054144","Mosul","Iraq"
580,"ross.grey@sakilacustomer.org",1,586,"Ross Grey","951 Springs Lane","96115","165164761435","Iligan","Philippines"
581,"virgil.wofford@sakilacustomer.org",1,587,"Virgil Wofford","760 Miyakonojo Drive","64682","294449058179","Jos Azueta","Mexico"
582,"andy.vanhorn@sakilacustomer.org",2,588,"Andy Vanhorn","966 Asuncin Way","62703","995527378381","Huejutla de Reyes","Mexico"
583,"marshall.thorn@sakilacustomer.org",1,589,"Marshall Thorn","1584 Ljubertsy Lane","22954","285710089439","Southampton","United Kingdom"
584,"salvador.teel@sakilacustomer.org",2,590,"Salvador Teel","247 Jining Parkway","53446","170115379190","Banjul","Gambia"
585,"perry.swafford@sakilacustomer.org",1,591,"Perry Swafford","773 Dallas Manor","12664","914466027044","Quilmes","Argentina"
586,"kirk.stclair@sakilacustomer.org",1,592,"Kirk Stclair","1923 Stara Zagora Lane","95179","182178609211","Tsaotun","Taiwan"
587,"sergio.stanfield@sakilacustomer.org",1,593,"Sergio Stanfield","1402 Zanzibar Boulevard","71102","387448063440","Celaya","Mexico"
588,"marion.ocampo@sakilacustomer.org",1,594,"Marion Ocampo","1464 Kursk Parkway","17381","338758048786","Weifang","China"
589,"tracy.herrmann@sakilacustomer.org",1,595,"Tracy Herrmann","1074 Sanaa Parkway","22474","154124128457","Loja","Ecuador"
590,"seth.hannon@sakilacustomer.org",2,596,"Seth Hannon","1759 Niznekamsk Avenue","39414","864392582257","al-Manama","Bahrain"
591,"kent.arsenault@sakilacustomer.org",1,597,"Kent Arsenault","32 Liaocheng Way","1944","410877354933","Juiz de Fora","Brazil"
592,"terrance.roush@sakilacustomer.org",1,598,"Terrance Roush","42 Fontana Avenue","14684","437829801725","Szkesfehrvr","Hungary"
593,"rene.mcalister@sakilacustomer.org",2,599,"Rene Mcalister","1895 Zhezqazghan Drive","36693","137809746111","Garden Grove","United States"
594,"eduardo.hiatt@sakilacustomer.org",1,600,"Eduardo Hiatt","1837 Kaduna Parkway","82580","640843562301","Jining","China"
595,"terrence.gunderson@sakilacustomer.org",1,601,"Terrence Gunderson","844 Bucuresti Place","36603","935952366111","Jinzhou","China"
596,"enrique.forsythe@sakilacustomer.org",1,602,"Enrique Forsythe","1101 Bucuresti Boulevard","97661","199514580428","Patras","Greece"
597,"freddie.duggan@sakilacustomer.org",1,603,"Freddie Duggan","1103 Quilmes Boulevard","52137","644021380889","Sullana","Peru"
598,"wade.delvalle@sakilacustomer.org",1,604,"Wade Delvalle","1331 Usak Boulevard","61960","145308717464","Lausanne","Switzerland"
599,"austin.cintron@sakilacustomer.org",2,605,"Austin Cintron","1325 Fukuyama Street","27107","288241215394","Tieli","China"
