"customer_id","customer_name","customer_email","customer_address","customer_zip_code","customer_district","customer_city","customer_country"
253,"Terry Carlson","terry.carlson@sakilacustomer.org","752 Ondo Loop","32474","Miyazaki","Miyakonojo","Japan"
252,"Mattie Hoffman","mattie.hoffman@sakilacustomer.org","1497 Yuzhou Drive","3433","England","London","United Kingdom"
570,"Ivan Cromwell","ivan.cromwell@sakilacustomer.org","1351 Sousse Lane","37815","Coahuila de Zaragoza","Monclova","Mexico"
329,"Frank Waggoner","frank.waggoner@sakilacustomer.org","1816 Bydgoszcz Loop","64308","Dhaka","Jamalpur","Bangladesh"
26,"Jessica Hall","jessica.hall@sakilacustomer.org","18 Duisburg Boulevard","58327","","Citt del Vaticano","Holy See (Vatican City State)"
449,"Oscar Aquino","oscar.aquino@sakilacustomer.org","956 Nam Dinh Manor","21872","Kerman","Sirjan","Iran"
419,"Chad Carbone","chad.carbone@sakilacustomer.org","1948 Bayugan Parkway","60622","Bihar","Katihar","India"
72,"Theresa Watson","theresa.watson@sakilacustomer.org","89 Allappuzha (Alleppey) Manor","75444","National Capital Reg","Taguig","Philippines"
286,"Velma Lucas","velma.lucas@sakilacustomer.org","1155 Liaocheng Place","22650","Oyo & Osun","Effon-Alaiye","Nigeria"
80,"Marilyn Ross","marilyn.ross@sakilacustomer.org","1888 Kabul Drive","20936","Oyo & Osun","Ife","Nigeria"
76,"Irene Price","irene.price@sakilacustomer.org","602 Paarl Street","98889","Pavlodar","Pavlodar","Kazakstan"
319,"Ronald Weiner","ronald.weiner@sakilacustomer.org","1145 Vilnius Manor","73170","Mxico","San Felipe del Progreso","Mexico"
125,"Ethel Webb","ethel.webb@sakilacustomer.org","569 Baicheng Lane","60304","Gauteng","Boksburg","South Africa"
424,"Kyle Spurlock","kyle.spurlock@sakilacustomer.org","1269 Botosani Manor","47394","Guangdong","Shanwei","China"
51,"Alice Stewart","alice.stewart@sakilacustomer.org","1135 Izumisano Parkway","48150","California","Fontana","United States"
187,"Brittany Riley","brittany.riley@sakilacustomer.org","140 Chiayi Parkway","38982","Sumy","Sumy","Ukraine"
157,"Darlene Rose","darlene.rose@sakilacustomer.org","1386 Nakhon Sawan Boulevard","53502","Pyongyang-si","Pyongyang","North Korea"
543,"Lance Pemberton","lance.pemberton@sakilacustomer.org","454 Qinhuangdao Drive","25866","Tadla-Azilal","Beni-Mellal","Morocco"
429,"Frederick Isbell","frederick.isbell@sakilacustomer.org","1404 Taguig Drive","87212","Okayama","Tsuyama","Japan"
468,"Tim Cary","tim.cary@sakilacustomer.org","1257 Guadalajara Street","33599","Karnataka","Bijapur","India"
8,"Susan Wilson","susan.wilson@sakilacustomer.org","478 Joliet Way","77948","Hamilton","Hamilton","New Zealand"
311,"Paul Trout","paul.trout@sakilacustomer.org","746 Joliet Lane","94878","Kursk","Kursk","Russian Federation"
234,"Claudia Fuller","claudia.fuller@sakilacustomer.org","346 Skikda Parkway","90628","Hawalli","Jalib al-Shuyukh","Kuwait"
579,"Daryl Larue","daryl.larue@sakilacustomer.org","1208 Tama Loop","73605","Ninawa","Mosul","Iraq"
500,"Reginald Kinder","reginald.kinder@sakilacustomer.org","519 Brescia Parkway","69504","East Java","Madiun","Indonesia"
273,"Priscilla Lowe","priscilla.lowe@sakilacustomer.org","144 South Hill Loop","2012","Guanajuato","Salamanca","Mexico"
11,"Lisa Anderson","lisa.anderson@sakilacustomer.org","1542 Tarlac Parkway","1027","Kanagawa","Sagamihara","Japan"
148,"Eleanor Hunt","eleanor.hunt@sakilacustomer.org","1952 Pune Lane","92150","Saint-Denis","Saint-Denis","Runion"
459,"Tommy Collazo","tommy.collazo@sakilacustomer.org","76 Kermanshah Manor","23343","Esfahan","Qomsheh","Iran"
343,"Douglas Graf","douglas.graf@sakilacustomer.org","785 Vaduz Street","36170","Baja California","Mexicali","Mexico"
302,"Michael Silverman","michael.silverman@sakilacustomer.org","1908 Gaziantep Place","58979","Liaoning","Tiefa","China"
425,"Francis Sikes","francis.sikes@sakilacustomer.org","355 Vitria de Santo Anto Way","81758","Oaxaca","San Juan Bautista Tuxtepec","Mexico"
143,"Leslie Gordon","leslie.gordon@sakilacustomer.org","374 Bat Yam Boulevard","97700","Kilis","Kilis","Turkey"
460,"Leon Bostic","leon.bostic@sakilacustomer.org","734 Tanshui Avenue","70664","Caquet","Florencia","Colombia"
558,"Jimmie Eggleston","jimmie.eggleston@sakilacustomer.org","505 Madiun Boulevard","97271","Dolnoslaskie","Wroclaw","Poland"
321,"Kevin Schuler","kevin.schuler@sakilacustomer.org","470 Boksburg Street","97960","Central","Birgunj","Nepal"
205,"Eileen Carr","eileen.carr@sakilacustomer.org","1679 Antofagasta Street","86599","Alto Paran","Ciudad del Este","Paraguay"
407,"Dale Ratcliff","dale.ratcliff@sakilacustomer.org","1639 Saarbrcken Drive","9827","North West","Rustenburg","South Africa"
146,"Jamie Rice","jamie.rice@sakilacustomer.org","879 Newcastle Way","90732","Michigan","Sterling Heights","United States"
102,"Crystal Ford","crystal.ford@sakilacustomer.org","659 Vaduz Drive","49708","Ha Darom","Ashdod","Israel"
477,"Dan Paine","dan.paine@sakilacustomer.org","808 Naala-Porto Parkway","41060","England","Stockport","United Kingdom"
189,"Loretta Carpenter","loretta.carpenter@sakilacustomer.org","891 Novi Sad Manor","5379","Ontario","Oshawa","Canada"
21,"Michelle Clark","michelle.clark@sakilacustomer.org","262 A Corua (La Corua) Parkway","34418","Dhaka","Tangail","Bangladesh"
37,"Pamela Baker","pamela.baker@sakilacustomer.org","1440 Fukuyama Loop","47929","Henan","Nanyang","China"
473,"Jorge Olivares","jorge.olivares@sakilacustomer.org","1078 Stara Zagora Drive","69221","Aceh","Lhokseumawe","Indonesia"
509,"Raul Fortier","raul.fortier@sakilacustomer.org","1747 Rustenburg Place","51369","Bihar","Chapra","India"
396,"Earl Shanks","earl.shanks@sakilacustomer.org","168 Cianjur Manor","73824","Saitama","Iwatsuki","Japan"
198,"Elsie Kelley","elsie.kelley@sakilacustomer.org","955 Bamenda Way","1545","Ondo & Ekiti","Ikerre","Nigeria"
461,"Derek Blakely","derek.blakely@sakilacustomer.org","118 Jaffna Loop","10447","Northern Mindanao","Gingoog","Philippines"
270,"Leah Curtis","leah.curtis@sakilacustomer.org","906 Goinia Way","83565","Wielkopolskie","Kalisz","Poland"
390,"Shawn Heaton","shawn.heaton@sakilacustomer.org","1337 Mit Ghamr Avenue","29810","Nakhon Sawan","Nakhon Sawan","Thailand"
557,"Felix Gaffney","felix.gaffney@sakilacustomer.org","1059 Yuncheng Avenue","47498","Vilna","Vilnius","Lithuania"
470,"Gordon Allard","gordon.allard@sakilacustomer.org","434 Ourense (Orense) Manor","14122","Hodeida","Hodeida","Yemen"
27,"Shirley Allen","shirley.allen@sakilacustomer.org","217 Botshabelo Place","49521","Southern Mindanao","Davao","Philippines"
497,"Gilbert Sledge","gilbert.sledge@sakilacustomer.org","1515 Korla Way","57197","England","York","United Kingdom"
481,"Herman Devore","herman.devore@sakilacustomer.org","64 Korla Street","25145","Mwanza","Mwanza","Tanzania"
320,"Anthony Schwab","anthony.schwab@sakilacustomer.org","1892 Nabereznyje Telny Lane","28396","Tutuila","Tafuna","American Samoa"
318,"Brian Wyman","brian.wyman@sakilacustomer.org","1769 Iwaki Lane","25787","Kujawsko-Pomorskie","Bydgoszcz","Poland"
6,"Jennifer Davis","jennifer.davis@sakilacustomer.org","1795 Santiago de Compostela Way","18743","Texas","Laredo","United States"
258,"Myrtle Fleming","myrtle.fleming@sakilacustomer.org","532 Toulon Street","69517","Santiago","Santiago de los Caballeros","Dominican Republic"
334,"Raymond Mcwhorter","raymond.mcwhorter@sakilacustomer.org","503 Sogamoso Loop","49812","Sumqayit","Sumqayit","Azerbaijan"
487,"Hector Poindexter","hector.poindexter@sakilacustomer.org","185 Mannheim Lane","23661","Stavropol","Pjatigorsk","Russian Federation"
283,"Felicia Sutton","felicia.sutton@sakilacustomer.org","226 Halifax Street","58492","Xinxiang","Korla","China"
469,"Wesley Bull","wesley.bull@sakilacustomer.org","1469 Plock Lane","95835","Galicia","Ourense (Orense)","Spain"
261,"Deanna Byrd","deanna.byrd@sakilacustomer.org","862 Xintai Lane","30065","Cagayan Valley","Tuguegarao","Philippines"
595,"Terrence Gunderson","terrence.gunderson@sakilacustomer.org","844 Bucuresti Place","36603","Liaoning","Jinzhou","China"
498,"Gene Sanborn","gene.sanborn@sakilacustomer.org","1416 San Juan Bautista Tuxtepec Avenue","50592","Zufar","Salala","Oman"
247,"Stella Moreno","stella.moreno@sakilacustomer.org","1473 Changhwa Parkway","75933","Mxico","Coacalco de Berriozbal","Mexico"
551,"Clayton Barbee","clayton.barbee@sakilacustomer.org","1407 Pachuca de Soto Place","26284","Rio Grande do Sul","Alvorada","Brazil"
323,"Matthew Mahan","matthew.mahan@sakilacustomer.org","479 San Felipe del Progreso Avenue","54949","Morelos","Cuautla","Mexico"
548,"Allan Cornish","allan.cornish@sakilacustomer.org","947 Trshavn Place","841","Central Luzon","Tarlac","Philippines"
167,"Sally Pierce","sally.pierce@sakilacustomer.org","1540 Wroclaw Drive","62686","Maharashtra","Chandrapur","India"
586,"Kirk Stclair","kirk.stclair@sakilacustomer.org","1923 Stara Zagora Lane","95179","Nantou","Tsaotun","Taiwan"
160,"Erin Dunn","erin.dunn@sakilacustomer.org","1623 Baha Blanca Manor","81511","Moskova","Ljubertsy","Russian Federation"
554,"Dwayne Olvera","dwayne.olvera@sakilacustomer.org","1447 Imus Place","12905","Gujarat","Rajkot","India"
16,"Sandra Martin","sandra.martin@sakilacustomer.org","360 Toulouse Parkway","54308","England","Southend-on-Sea","United Kingdom"
519,"Ron Deluca","ron.deluca@sakilacustomer.org","1949 Sanya Street","61244","Gumma","Isesaki","Japan"
54,"Teresa Rogers","teresa.rogers@sakilacustomer.org","1964 Allappuzha (Alleppey) Street","48980","Yamaguchi","Iwakuni","Japan"
113,"Cindy Fisher","cindy.fisher@sakilacustomer.org","1079 Tel Aviv-Jaffa Boulevard","10885","Sucre","Cuman","Venezuela"
103,"Gladys Hamilton","gladys.hamilton@sakilacustomer.org","1177 Jelets Way","3305","Kwara & Kogi","Ilorin","Nigeria"
200,"Jeanne Lawson","jeanne.lawson@sakilacustomer.org","387 Mwene-Ditu Drive","8073","Ahal","Ashgabat","Turkmenistan"
347,"Ryan Salisbury","ryan.salisbury@sakilacustomer.org","1673 Tangail Drive","26857","Daugavpils","Daugavpils","Latvia"
574,"Julian Vest","julian.vest@sakilacustomer.org","923 Tangail Boulevard","33384","Tokyo-to","Akishima","Japan"
423,"Alfred Casillas","alfred.casillas@sakilacustomer.org","1727 Matamoros Place","78813","Sawhaj","Sawhaj","Egypt"
55,"Doris Reed","doris.reed@sakilacustomer.org","1697 Kowloon and New Kowloon Loop","57807","Moskova","Balaiha","Russian Federation"
377,"Howard Fortner","howard.fortner@sakilacustomer.org","220 Hidalgo Drive","45298","Kermanshah","Kermanshah","Iran"
197,"Sue Peters","sue.peters@sakilacustomer.org","817 Bradford Loop","89459","Jiangsu","Changzhou","China"
183,"Ida Andrews","ida.andrews@sakilacustomer.org","1839 Szkesfehrvr Parkway","55709","Gois","Luzinia","Brazil"
599,"Austin Cintron","austin.cintron@sakilacustomer.org","1325 Fukuyama Street","27107","Heilongjiang","Tieli","China"
202,"Carla Gutierrez","carla.gutierrez@sakilacustomer.org","642 Nador Drive","3924","Maharashtra","Bhusawal","India"
402,"Luis Yanez","luis.yanez@sakilacustomer.org","1346 Mysore Drive","61507","Bretagne","Brest","France"
421,"Lee Hawks","lee.hawks@sakilacustomer.org","1661 Abha Drive","14400","Tamil Nadu","Pudukkottai","India"
394,"Chris Brothers","chris.brothers@sakilacustomer.org","331 Bydgoszcz Parkway","966","Asturia","Gijn","Spain"
218,"Vera Mccoy","vera.mccoy@sakilacustomer.org","1168 Najafabad Parkway","40301","Kabol","Kabul","Afghanistan"
193,"Katie Elliott","katie.elliott@sakilacustomer.org","447 Surakarta Loop","10428","Nyanza","Kisumu","Kenya"
295,"Daisy Bates","daisy.bates@sakilacustomer.org","661 Chisinau Lane","8856","Pietari","Kolpino","Russian Federation"
104,"Rita Graham","rita.graham@sakilacustomer.org","1386 Yangor Avenue","80720","Provence-Alpes-Cte","Toulon","France"
92,"Tina Simmons","tina.simmons@sakilacustomer.org","984 Effon-Alaiye Avenue","17119","Gois","Goinia","Brazil"
67,"Kelly Torres","kelly.torres@sakilacustomer.org","1586 Guaruj Place","5135","Hunan","Xiangtan","China"
488,"Shane Millard","shane.millard@sakilacustomer.org","184 Mandaluyong Street","94239","Baja California Sur","La Paz","Mexico"
254,"Maxine Silva","maxine.silva@sakilacustomer.org","1338 Zalantun Lane","45403","Minas Gerais","Poos de Caldas","Brazil"
353,"Jonathan Scarborough","jonathan.scarborough@sakilacustomer.org","1698 Southport Loop","49009","Hidalgo","Pachuca de Soto","Mexico"
17,"Donna Thompson","donna.thompson@sakilacustomer.org","270 Toulon Boulevard","81766","Kalmykia","Elista","Russian Federation"
162,"Lauren Hudson","lauren.hudson@sakilacustomer.org","1740 Le Mans Loop","22853","Pays de la Loire","Le Mans","France"
70,"Christina Ramirez","christina.ramirez@sakilacustomer.org","1124 Buenaventura Drive","6856","Mekka","al-Hawiya","Saudi Arabia"
314,"George Linton","george.linton@sakilacustomer.org","1957 Yantai Lane","59255","So Paulo","Sorocaba","Brazil"
472,"Greg Robins","greg.robins@sakilacustomer.org","1786 Salinas Place","66546","Nam Ha","Nam Dinh","Vietnam"
351,"Jack Foust","jack.foust@sakilacustomer.org","1378 Beira Loop","40792","Krasnojarsk","Zeleznogorsk","Russian Federation"
98,"Lillian Griffin","lillian.griffin@sakilacustomer.org","669 Firozabad Loop","92265","Abu Dhabi","al-Ayn","United Arab Emirates"
532,"Neil Renner","neil.renner@sakilacustomer.org","1817 Livorno Way","79401","Khanh Hoa","Cam Ranh","Vietnam"
42,"Carolyn Perez","carolyn.perez@sakilacustomer.org","1632 Bislig Avenue","61117","Nonthaburi","Pak Kret","Thailand"
441,"Mario Cheatham","mario.cheatham@sakilacustomer.org","1924 Shimonoseki Drive","52625","Batna","Batna","Algeria"
382,"Victor Barkley","victor.barkley@sakilacustomer.org","401 Sucre Boulevard","25007","New Hampshire","Manchester","United States"
40,"Amanda Carter","amanda.carter@sakilacustomer.org","671 Graz Street","94399","Oriental","Nador","Morocco"
445,"Micheal Forman","micheal.forman@sakilacustomer.org","203 Tambaram Street","73942","Buenos Aires","Escobar","Argentina"
448,"Miguel Betancourt","miguel.betancourt@sakilacustomer.org","319 Springs Loop","99552","Baijeri","Erlangen","Germany"
97,"Annie Russell","annie.russell@sakilacustomer.org","1599 Plock Drive","71986","Tete","Tete","Mozambique"
369,"Fred Wheat","fred.wheat@sakilacustomer.org","433 Florencia Street","91330","Chihuahua","Jurez","Mexico"
556,"Armando Gruber","armando.gruber@sakilacustomer.org","869 Shikarpur Way","57380","England","Southport","United Kingdom"
145,"Lucille Holmes","lucille.holmes@sakilacustomer.org","999 Sanaa Loop","3439","Gauteng","Soshanguve","South Africa"
155,"Gail Knight","gail.knight@sakilacustomer.org","185 Novi Sad Place","41778","Bern","Bern","Switzerland"
305,"Richard Mccrary","richard.mccrary@sakilacustomer.org","913 Coacalco de Berriozbal Loop","42141","Texas","Arlington","United States"
486,"Glen Talbert","glen.talbert@sakilacustomer.org","1789 Saint-Denis Parkway","8268","Coahuila de Zaragoza","Acua","Mexico"
325,"Timothy Bunn","timothy.bunn@sakilacustomer.org","981 Kumbakonam Place","87611","Distrito Federal","Braslia","Brazil"
331,"Eric Robert","eric.robert@sakilacustomer.org","430 Kumbakonam Drive","28814","Santa F","Santa F","Argentina"
220,"Charlene Alvarez","charlene.alvarez@sakilacustomer.org","1842 Luzinia Boulevard","94420","Zanzibar West","Zanzibar","Tanzania"
73,"Beverly Brooks","beverly.brooks@sakilacustomer.org","1947 Poos de Caldas Boulevard","60951","Chiayi","Chiayi","Taiwan"
527,"Cory Meehan","cory.meehan@sakilacustomer.org","556 Asuncin Way","35364","Mogiljov","Mogiljov","Belarus"
282,"Jenny Castro","jenny.castro@sakilacustomer.org","1405 Chisinau Place","8160","Ponce","Ponce","Puerto Rico"
371,"Billy Poulin","billy.poulin@sakilacustomer.org","1061 Ede Avenue","57810","Southern Tagalog","Cabuyao","Philippines"
126,"Ellen Simpson","ellen.simpson@sakilacustomer.org","1666 Qomsheh Drive","66255","So Paulo","Po","Brazil"
444,"Marcus Hidalgo","marcus.hidalgo@sakilacustomer.org","1289 Belm Boulevard","88306","Tartumaa","Tartu","Estonia"
381,"Bobby Boudreau","bobby.boudreau@sakilacustomer.org","1368 Maracabo Boulevard","32716","","South Hill","Anguilla"
43,"Christine Roberts","christine.roberts@sakilacustomer.org","1447 Imus Way","48942","Tahiti","Faaa","French Polynesia"
188,"Melanie Armstrong","melanie.armstrong@sakilacustomer.org","1166 Changhwa Street","58852","Caraga","Bayugan","Philippines"
38,"Martha Gonzalez","martha.gonzalez@sakilacustomer.org","269 Cam Ranh Parkway","34689","Chisinau","Chisinau","Moldova"
141,"Debbie Reyes","debbie.reyes@sakilacustomer.org","928 Jaffna Loop","93762","Hiroshima","Fukuyama","Japan"
516,"Elmer Noe","elmer.noe@sakilacustomer.org","1768 Udine Loop","32347","Battambang","Battambang","Cambodia"
219,"Willie Howell","willie.howell@sakilacustomer.org","1244 Allappuzha (Alleppey) Place","20657","Buenos Aires","Vicente Lpez","Argentina"
580,"Ross Grey","ross.grey@sakilacustomer.org","951 Springs Lane","96115","Central Mindanao","Iligan","Philippines"
352,"Albert Crouse","albert.crouse@sakilacustomer.org","1641 Changhwa Place","37636","Nord-Ouest","Bamenda","Cameroon"
245,"Courtney Day","courtney.day@sakilacustomer.org","300 Junan Street","81314","Kyonggi","Uijongbu","South Korea"
398,"Antonio Meek","antonio.meek@sakilacustomer.org","1190 0 Place","10417","Rio Grande do Sul","Bag","Brazil"
568,"Alberto Henning","alberto.henning@sakilacustomer.org","502 Mandi Bahauddin Parkway","15992","Anzotegui","Barcelona","Venezuela"
101,"Peggy Myers","peggy.myers@sakilacustomer.org","733 Mandaluyong Place","77459","Asir","Abha","Saudi Arabia"
99,"Emily Diaz","emily.diaz@sakilacustomer.org","588 Vila Velha Manor","51540","Kyongsangbuk","Kimchon","South Korea"
94,"Norma Gonzales","norma.gonzales@sakilacustomer.org","152 Kitwe Parkway","53182","Caraga","Bislig","Philippines"
428,"Herbert Kruger","herbert.kruger@sakilacustomer.org","1823 Hoshiarpur Lane","33191","Komi","Syktyvkar","Russian Federation"
567,"Alfredo Mcadams","alfredo.mcadams@sakilacustomer.org","1407 Surakarta Manor","33224","Moskova","Serpuhov","Russian Federation"
268,"Nina Soto","nina.soto@sakilacustomer.org","1519 Ilorin Place","49298","Kerala","Palghat (Palakkad)","India"
584,"Salvador Teel","salvador.teel@sakilacustomer.org","247 Jining Parkway","53446","Banjul","Banjul","Gambia"
89,"Julia Flores","julia.flores@sakilacustomer.org","1926 El Alto Avenue","75543","Buenos Aires","La Plata","Argentina"
409,"Rodney Moeller","rodney.moeller@sakilacustomer.org","1936 Lapu-Lapu Parkway","7122","Bauchi & Gombe","Deba Habe","Nigeria"
15,"Helen Harris","helen.harris@sakilacustomer.org","419 Iligan Lane","72878","Madhya Pradesh","Bhopal","India"
119,"Sherry Marshall","sherry.marshall@sakilacustomer.org","1987 Coacalco de Berriozbal Loop","96065","al-Qalyubiya","Shubra al-Khayma","Egypt"
112,"Rosa Reynolds","rosa.reynolds@sakilacustomer.org","793 Cam Ranh Avenue","87057","California","Lancaster","United States"
522,"Arnold Havens","arnold.havens@sakilacustomer.org","1176 Southend-on-Sea Manor","81651","Southern Tagalog","Santa Rosa","Philippines"
513,"Duane Tubbs","duane.tubbs@sakilacustomer.org","962 Tama Loop","65952","","Yangor","Nauru"
111,"Carmen Owens","carmen.owens@sakilacustomer.org","1378 Alvorada Avenue","75834","Distrito Federal","Caracas","Venezuela"
349,"Joe Gilliland","joe.gilliland@sakilacustomer.org","953 Hodeida Street","18841","Southern Tagalog","Imus","Philippines"
312,"Mark Rinehart","mark.rinehart@sakilacustomer.org","780 Kimberley Way","17032","Tabuk","Tabuk","Saudi Arabia"
257,"Marsha Douglas","marsha.douglas@sakilacustomer.org","771 Yaound Manor","86768","Sofala","Beira","Mozambique"
207,"Gertrude Castillo","gertrude.castillo@sakilacustomer.org","850 Salala Loop","10800","Kitaa","Nuuk","Greenland"
392,"Sean Douglass","sean.douglass@sakilacustomer.org","614 Pak Kret Street","27796","Addis Abeba","Addis Abeba","Ethiopia"
128,"Marjorie Tucker","marjorie.tucker@sakilacustomer.org","1050 Garden Grove Avenue","4999","Slaskie","Jastrzebie-Zdrj","Poland"
529,"Erik Guillen","erik.guillen@sakilacustomer.org","635 Brest Manor","40899","Andhra Pradesh","Bhimavaram","India"
531,"Jamie Waugh","jamie.waugh@sakilacustomer.org","958 Sagamihara Lane","88408","Mie","Kuwana","Japan"
372,"Steve Mackenzie","steve.mackenzie@sakilacustomer.org","154 Oshawa Manor","72771","East Java","Probolinggo","Indonesia"
387,"Jesse Schilling","jesse.schilling@sakilacustomer.org","514 Ife Way","69973","Shaba","Lubumbashi","Congo, The Democratic Republic of the"
175,"Annette Olson","annette.olson@sakilacustomer.org","431 Xiangtan Avenue","4854","Kerala","Allappuzha (Alleppey)","India"
163,"Cathy Spencer","cathy.spencer@sakilacustomer.org","1287 Xiangfan Boulevard","57844","Gifu","Kakamigahara","Japan"
288,"Bobbie Craig","bobbie.craig@sakilacustomer.org","86 Higashiosaka Lane","33768","Guanajuato","Valle de Santiago","Mexico"
230,"Joy George","joy.george@sakilacustomer.org","1256 Bislig Boulevard","50598","Botosani","Botosani","Romania"
210,"Ella Oliver","ella.oliver@sakilacustomer.org","751 Lima Loop","99405","Aden","Aden","Yemen"
512,"Cecil Vines","cecil.vines@sakilacustomer.org","548 Uruapan Street","35653","Ontario","London","United Kingdom"
492,"Lester Kraus","lester.kraus@sakilacustomer.org","1013 Tabuk Boulevard","96203","West Bengali","Kanchrapara","India"
466,"Leo Ebert","leo.ebert@sakilacustomer.org","1322 Mosul Parkway","95400","Shandong","Dongying","China"
60,"Mildred Bailey","mildred.bailey@sakilacustomer.org","81 Hodeida Way","55561","Rajasthan","Jaipur","India"
242,"Glenda Frazier","glenda.frazier@sakilacustomer.org","1246 Boksburg Parkway","28349","Hebei","Qinhuangdao","China"
216,"Natalie Meyer","natalie.meyer@sakilacustomer.org","1201 Qomsheh Manor","21464","Gois","Aparecida de Goinia","Brazil"
528,"Claude Herzog","claude.herzog@sakilacustomer.org","486 Ondo Parkway","35202","Benguela","Benguela","Angola"
508,"Milton Howland","milton.howland@sakilacustomer.org","758 Korolev Parkway","75474","Andhra Pradesh","Vijayawada","India"
491,"Rick Mattox","rick.mattox@sakilacustomer.org","775 ostka Drive","22358","al-Daqahliya","Mit Ghamr","Egypt"
446,"Theodore Culp","theodore.culp@sakilacustomer.org","1704 Tambaram Manor","2834","West Bengali","Uluberia","India"
436,"Troy Quigley","troy.quigley@sakilacustomer.org","983 Santa F Way","47472","British Colombia","Vancouver","Canada"
84,"Sara Perry","sara.perry@sakilacustomer.org","125 Citt del Vaticano Boulevard","67912","Puebla","Atlixco","Mexico"
505,"Rafael Abney","rafael.abney@sakilacustomer.org","48 Maracabo Place","1570","Central Luzon","Talavera","Philippines"
572,"Sidney Burleson","sidney.burleson@sakilacustomer.org","1405 Hagonoy Avenue","86587","Slaskie","Czestochowa","Poland"
36,"Kathleen Adams","kathleen.adams@sakilacustomer.org","334 Munger (Monghyr) Lane","38145","Markazi","Arak","Iran"
450,"Jay Robb","jay.robb@sakilacustomer.org","1947 Paarl Way","23636","Central Java","Surakarta","Indonesia"
426,"Bradley Motley","bradley.motley@sakilacustomer.org","1596 Acua Parkway","70425","Jharkhand","Purnea (Purnia)","India"
269,"Cassandra Walters","cassandra.walters@sakilacustomer.org","920 Kumbakonam Loop","75090","California","Salinas","United States"
502,"Brett Cornwell","brett.cornwell@sakilacustomer.org","1197 Sokoto Boulevard","87687","West Bengali","Siliguri (Shiliguri)","India"
151,"Megan Palmer","megan.palmer@sakilacustomer.org","1560 Jelets Boulevard","77777","Shandong","Laiwu","China"
93,"Phyllis Foster","phyllis.foster@sakilacustomer.org","832 Nakhon Sawan Manor","49021","Inner Mongolia","Zalantun","China"
264,"Gwendolyn May","gwendolyn.may@sakilacustomer.org","446 Kirovo-Tepetsk Lane","19428","Osaka","Higashiosaka","Japan"
590,"Seth Hannon","seth.hannon@sakilacustomer.org","1759 Niznekamsk Avenue","39414","al-Manama","al-Manama","Bahrain"
357,"Keith Rico","keith.rico@sakilacustomer.org","482 Kowloon and New Kowloon Manor","97056","Bratislava","Bratislava","Slovakia"
90,"Ruby Washington","ruby.washington@sakilacustomer.org","1952 Chatsworth Drive","25958","Guangdong","Meixian","China"
86,"Jacqueline Long","jacqueline.long@sakilacustomer.org","870 Ashqelon Loop","84931","Songkhla","Songkhla","Thailand"
46,"Catherine Campbell","catherine.campbell@sakilacustomer.org","46 Pjatigorsk Lane","23616","Moscow (City)","Moscow","Russian Federation"
346,"Arthur Simpkins","arthur.simpkins@sakilacustomer.org","1157 Nyeri Loop","56380","Adygea","Maikop","Russian Federation"
221,"Bessie Morrison","bessie.morrison@sakilacustomer.org","1926 Gingoog Street","22824","Sisilia","Syrakusa","Italy"
326,"Jose Andrew","jose.andrew@sakilacustomer.org","1016 Iwakuni Street","49833","St George","Kingstown","Saint Vincent and the Grenadines"
44,"Marie Turner","marie.turner@sakilacustomer.org","1998 Halifax Drive","76022","Lipetsk","Lipetsk","Russian Federation"
122,"Thelma Murray","thelma.murray@sakilacustomer.org","1175 Tanauan Way","64615","Lima","Lima","Peru"
535,"Javier Elrod","javier.elrod@sakilacustomer.org","195 Ilorin Street","49250","Chari-Baguirmi","NDjamna","Chad"
414,"Vincent Ralston","vincent.ralston@sakilacustomer.org","397 Sunnyvale Avenue","55566","Guanajuato","Allende","Mexico"
96,"Diana Alexander","diana.alexander@sakilacustomer.org","1308 Arecibo Way","30695","Georgia","Augusta-Richmond County","United States"
88,"Bonnie Hughes","bonnie.hughes@sakilacustomer.org","1942 Ciparay Parkway","82624","Cheju","Cheju","South Korea"
285,"Miriam Mckinney","miriam.mckinney@sakilacustomer.org","1336 Benin City Drive","46044","Shiga","Otsu","Japan"
375,"Aaron Selby","aaron.selby@sakilacustomer.org","1519 Santiago de los Caballeros Loop","22025","East Kasai","Mwene-Ditu","Congo, The Democratic Republic of the"
190,"Yolanda Weaver","yolanda.weaver@sakilacustomer.org","605 Rio Claro Parkway","49348","Tabora","Tabora","Tanzania"
262,"Patsy Davidson","patsy.davidson@sakilacustomer.org","816 Cayenne Parkway","93629","Manab","Portoviejo","Ecuador"
19,"Ruth Martinez","ruth.martinez@sakilacustomer.org","1417 Lancaster Avenue","72192","Northern Cape","Kimberley","South Africa"
52,"Julie Sanchez","julie.sanchez@sakilacustomer.org","939 Probolinggo Loop","4166","Galicia","A Corua (La Corua)","Spain"
447,"Clifford Bowens","clifford.bowens@sakilacustomer.org","207 Cuernavaca Loop","52671","Tatarstan","Nabereznyje Telny","Russian Federation"
495,"Charlie Bess","charlie.bess@sakilacustomer.org","362 Rajkot Lane","98030","Gansu","Baiyin","China"
224,"Pearl Garza","pearl.garza@sakilacustomer.org","60 Poos de Caldas Street","82338","Rajasthan","Jodhpur","India"
440,"Bernard Colby","bernard.colby@sakilacustomer.org","495 Bhimavaram Lane","3","Maharashtra","Dhule (Dhulia)","India"
136,"Anita Morales","anita.morales@sakilacustomer.org","788 Atinsk Street","81691","Karnataka","Hubli-Dharwad","India"
275,"Carole Barnett","carole.barnett@sakilacustomer.org","1980 Kamjanets-Podilskyi Street","89502","Illinois","Peoria","United States"
100,"Robin Hayes","robin.hayes@sakilacustomer.org","1913 Kamakura Place","97287","Lipetsk","Jelets","Russian Federation"
263,"Hilda Hopkins","hilda.hopkins@sakilacustomer.org","1831 Nam Dinh Loop","51990","National Capital Reg","Mandaluyong","Philippines"
223,"Melinda Fernandez","melinda.fernandez@sakilacustomer.org","1820 Maring Parkway","88307","Punjab","Mandi Bahauddin","Pakistan"
105,"Dawn Sullivan","dawn.sullivan@sakilacustomer.org","454 Nakhon Sawan Boulevard","76383","Funafuti","Funafuti","Tuvalu"
33,"Anna Hill","anna.hill@sakilacustomer.org","127 Purnea (Purnia) Manor","79388","Piemonte","Alessandria","Italy"
133,"Pauline Henry","pauline.henry@sakilacustomer.org","261 Saint Louis Way","83401","Coahuila de Zaragoza","Torren","Mexico"
587,"Sergio Stanfield","sergio.stanfield@sakilacustomer.org","1402 Zanzibar Boulevard","71102","Guanajuato","Celaya","Mexico"
239,"Minnie Romero","minnie.romero@sakilacustomer.org","47 Syktyvkar Lane","22236","West Java","Ciomas","Indonesia"
385,"Phillip Holm","phillip.holm@sakilacustomer.org","102 Chapra Drive","14073","Ibaragi","Tama","Japan"
539,"Mathew Bolin","mathew.bolin@sakilacustomer.org","163 Augusta-Richmond County Loop","33030","Carabobo","Valencia","Venezuela"
480,"Corey Hauser","corey.hauser@sakilacustomer.org","984 Novoterkassk Loop","28165","Gaziantep","Gaziantep","Turkey"
395,"Johnny Turpin","johnny.turpin@sakilacustomer.org","1152 Citrus Heights Manor","5239","al-Qadarif","al-Qadarif","Sudan"
399,"Danny Isom","danny.isom@sakilacustomer.org","734 Bchar Place","30586","Punjab","Okara","Pakistan"
593,"Rene Mcalister","rene.mcalister@sakilacustomer.org","1895 Zhezqazghan Drive","36693","California","Garden Grove","United States"
465,"Floyd Gandy","floyd.gandy@sakilacustomer.org","1088 Ibirit Place","88502","Jalisco","Zapopan","Mexico"
110,"Tiffany Jordan","tiffany.jordan@sakilacustomer.org","804 Elista Drive","61069","Hubei","Enshi","China"
308,"Thomas Grigsby","thomas.grigsby@sakilacustomer.org","1191 Sungai Petani Boulevard","9668","Missouri","Kansas City","United States"
180,"Stacy Cunningham","stacy.cunningham@sakilacustomer.org","1410 Benin City Parkway","29747","Risaralda","Pereira","Colombia"
507,"Edgar Rhoads","edgar.rhoads@sakilacustomer.org","1269 Ipoh Avenue","54674","Eskisehir","Eskisehir","Turkey"
296,"Ramona Hale","ramona.hale@sakilacustomer.org","951 Stara Zagora Manor","98573","Punjab","Patiala","India"
553,"Max Pitt","max.pitt@sakilacustomer.org","1917 Kumbakonam Parkway","11892","Vojvodina","Novi Sad","Yugoslavia"
373,"Louis Leone","louis.leone@sakilacustomer.org","1191 Tandil Drive","6362","Southern Tagalog","Tanauan","Philippines"
549,"Nelson Christenson","nelson.christenson@sakilacustomer.org","1764 Jalib al-Shuyukh Parkway","77642","Galicia","Santiago de Compostela","Spain"
150,"Danielle Daniels","danielle.daniels@sakilacustomer.org","781 Shimonoseki Drive","95444","Michoacn de Ocampo","Hidalgo","Mexico"
575,"Isaac Oglesby","isaac.oglesby@sakilacustomer.org","186 Skikda Lane","89422","Morelos","Cuernavaca","Mexico"
47,"Frances Parker","frances.parker@sakilacustomer.org","686 Garland Manor","52535","Cear","Juazeiro do Norte","Brazil"
152,"Alicia Mills","alicia.mills@sakilacustomer.org","1963 Moscow Place","64863","Assam","Nagaon","India"
29,"Angela Hernandez","angela.hernandez@sakilacustomer.org","786 Aurora Avenue","65750","Yamaguchi","Shimonoseki","Japan"
154,"Michele Grant","michele.grant@sakilacustomer.org","798 Cianjur Avenue","76990","Shanxi","Yuncheng","China"
56,"Gloria Cook","gloria.cook@sakilacustomer.org","1668 Saint Louis Place","39072","Tahiti","Papeete","French Polynesia"
20,"Sharon Robinson","sharon.robinson@sakilacustomer.org","1688 Okara Way","21954","Nothwest Border Prov","Mardan","Pakistan"
403,"Mike Way","mike.way@sakilacustomer.org","990 Etawah Loop","79940","Tamil Nadu","Valparai","India"
171,"Dolores Wagner","dolores.wagner@sakilacustomer.org","316 Uruapan Street","58194","Perak","Ipoh","Malaysia"
566,"Casey Mena","casey.mena@sakilacustomer.org","539 Hami Way","52196","Tokat","Tokat","Turkey"
376,"Randy Gaither","randy.gaither@sakilacustomer.org","1618 Olomouc Manor","26385","Kurgan","Kurgan","Russian Federation"
186,"Holly Fox","holly.fox@sakilacustomer.org","435 0 Way","74750","West Bengali","Haldia","India"
274,"Naomi Jennings","naomi.jennings@sakilacustomer.org","1884 Shikarpur Avenue","85548","Haryana","Karnal","India"
298,"Erika Pena","erika.pena@sakilacustomer.org","898 Jining Lane","40070","Pohjois-Pohjanmaa","Oulu","Finland"
161,"Geraldine Perkins","geraldine.perkins@sakilacustomer.org","97 Shimoga Avenue","44660","Tel Aviv","Tel Aviv-Jaffa","Israel"
211,"Stacey Montgomery","stacey.montgomery@sakilacustomer.org","1333 Haldia Street","82161","Jilin","Fuyu","China"
91,"Lois Butler","lois.butler@sakilacustomer.org","1370 Le Mans Avenue","52163","Brunei and Muara","Bandar Seri Begawan","Brunei"
249,"Dora Medina","dora.medina@sakilacustomer.org","1760 Oshawa Manor","38140","Tianjin","Tianjin","China"
367,"Adam Gooch","adam.gooch@sakilacustomer.org","230 Urawa Drive","2738","Andhra Pradesh","Adoni","India"
478,"Lewis Lyman","lewis.lyman@sakilacustomer.org","632 Usolje-Sibirskoje Parkway","73085","Ha Darom","Ashqelon","Israel"
380,"Russell Brinson","russell.brinson@sakilacustomer.org","1642 Charlotte Amalie Drive","75442","Slaskie","Tychy","Poland"
439,"Alexander Fennell","alexander.fennell@sakilacustomer.org","231 Kaliningrad Place","57833","Lombardia","Bergamo","Italy"
134,"Emma Boyd","emma.boyd@sakilacustomer.org","765 Southampton Drive","4285","al-Qalyubiya","Qalyub","Egypt"
484,"Roberto Vu","roberto.vu@sakilacustomer.org","1297 Alvorada Parkway","11839","Ningxia","Yinchuan","China"
114,"Grace Ellis","grace.ellis@sakilacustomer.org","442 Rae Bareli Place","24321","Nordrhein-Westfalen","Duisburg","Germany"
222,"Delores Hansen","delores.hansen@sakilacustomer.org","810 Palghat (Palakkad) Boulevard","73431","Jaroslavl","Jaroslavl","Russian Federation"
206,"Terri Vasquez","terri.vasquez@sakilacustomer.org","1304 s-Hertogenbosch Way","10925","Santa Catarina","Blumenau","Brazil"
147,"Joanne Robertson","joanne.robertson@sakilacustomer.org","1337 Lincoln Parkway","99457","Saitama","Urawa","Japan"
115,"Wendy Harrison","wendy.harrison@sakilacustomer.org","1107 Nakhon Sawan Avenue","75149","Mxico","Nezahualcyotl","Mexico"
418,"Jeff East","jeff.east@sakilacustomer.org","437 Chungho Drive","59489","Puerto Plata","San Felipe de Puerto Plata","Dominican Republic"
310,"Daniel Cabral","daniel.cabral@sakilacustomer.org","543 Bergamo Avenue","59686","Minas Gerais","Ibirit","Brazil"
364,"Benjamin Varney","benjamin.varney@sakilacustomer.org","817 Laredo Avenue","77449","Jalisco","Guadalajara","Mexico"
493,"Brent Harkins","brent.harkins@sakilacustomer.org","319 Plock Parkway","26101","Istanbul","Sultanbeyli","Turkey"
191,"Jeanette Greene","jeanette.greene@sakilacustomer.org","1077 San Felipe de Puerto Plata Place","65387","Rostov-na-Donu","Novoterkassk","Russian Federation"
520,"Mitchell Westmoreland","mitchell.westmoreland@sakilacustomer.org","617 Klerksdorp Place","94707","Khanh Hoa","Nha Trang","Vietnam"
69,"Judy Gray","judy.gray@sakilacustomer.org","1031 Daugavpils Parkway","59025","Bchar","Bchar","Algeria"
213,"Gina Williamson","gina.williamson@sakilacustomer.org","1001 Miyakonojo Lane","67924","Taizz","Taizz","Yemen"
71,"Kathy James","kathy.james@sakilacustomer.org","492 Cam Ranh Street","50805","Eastern Visayas","Baybay","Philippines"
18,"Carol Garcia","carol.garcia@sakilacustomer.org","320 Brest Avenue","43331","Kaduna","Kaduna","Nigeria"
366,"Brandon Huey","brandon.huey@sakilacustomer.org","1912 Emeishan Drive","33050","Balikesir","Balikesir","Turkey"
313,"Donald Mahon","donald.mahon@sakilacustomer.org","1774 Yaound Place","91400","Hubei","Ezhou","China"
416,"Jeffery Pinson","jeffery.pinson@sakilacustomer.org","966 Arecibo Loop","94018","Sind","Dadu","Pakistan"
388,"Craig Morrell","craig.morrell@sakilacustomer.org","717 Changzhou Lane","21615","Southern Tagalog","Cavite","Philippines"
215,"Jessie Banks","jessie.banks@sakilacustomer.org","1229 Valencia Parkway","99124","Haskovo","Stara Zagora","Bulgaria"
241,"Heidi Larson","heidi.larson@sakilacustomer.org","1103 Bilbays Parkway","87660","Hubei","Xiangfan","China"
463,"Darrell Power","darrell.power@sakilacustomer.org","1844 Usak Avenue","84461","Nova Scotia","Halifax","Canada"
345,"Carl Artis","carl.artis@sakilacustomer.org","1628 Nagareyama Lane","60079","Central","San Lorenzo","Paraguay"
315,"Kenneth Gooden","kenneth.gooden@sakilacustomer.org","1542 Lubumbashi Boulevard","62472","Tel Aviv","Bat Yam","Israel"
272,"Kay Caldwell","kay.caldwell@sakilacustomer.org","85 San Felipe de Puerto Plata Drive","46063","Shandong","Yantai","China"
121,"Josephine Gomez","josephine.gomez@sakilacustomer.org","211 Chiayi Drive","58186","Uttar Pradesh","Etawah","India"
561,"Ian Still","ian.still@sakilacustomer.org","1894 Boa Vista Way","77464","Texas","Garland","United States"
464,"Jerome Kenyon","jerome.kenyon@sakilacustomer.org","1872 Toulon Loop","7939","OHiggins","Rancagua","Chile"
58,"Jean Bell","jean.bell@sakilacustomer.org","1114 Liepaja Street","69226","Sarawak","Kuching","Malaysia"
401,"Tony Carranza","tony.carranza@sakilacustomer.org","454 Patiala Lane","13496","Fukushima","Koriyama","Japan"
130,"Charlotte Hunter","charlotte.hunter@sakilacustomer.org","758 Junan Lane","82639","Gois","guas Lindas de Gois","Brazil"
196,"Alma Austin","alma.austin@sakilacustomer.org","1074 Binzhou Manor","36490","Baden-Wrttemberg","Mannheim","Germany"
578,"Willard Lumpkin","willard.lumpkin@sakilacustomer.org","1819 Alessandria Loop","53829","Campeche","Carmen","Mexico"
226,"Maureen Little","maureen.little@sakilacustomer.org","201 Effon-Alaiye Way","64344","Asuncin","Asuncin","Paraguay"
131,"Monica Hicks","monica.hicks@sakilacustomer.org","1752 So Leopoldo Parkway","14014","Taka-Karpatia","Mukateve","Ukraine"
550,"Guy Brownlee","guy.brownlee@sakilacustomer.org","346 Cam Ranh Avenue","39976","Zhejiang","Zhoushan","China"
397,"Jimmy Schrader","jimmy.schrader@sakilacustomer.org","616 Hagonoy Avenue","46043","Krasnojarsk","Atinsk","Russian Federation"
410,"Curtis Irby","curtis.irby@sakilacustomer.org","432 Garden Grove Street","65630","Ontario","Richmond Hill","Canada"
238,"Nellie Garrett","nellie.garrett@sakilacustomer.org","1964 Gijn Manor","14408","Karnataka","Shimoga","India"
168,"Regina Berry","regina.berry@sakilacustomer.org","475 Atinsk Way","59571","Gansu","Jinchang","China"
39,"Debra Nelson","debra.nelson@sakilacustomer.org","306 Antofagasta Place","3989","Esprito Santo","Vila Velha","Brazil"
24,"Kimberly Lee","kimberly.lee@sakilacustomer.org","96 Tafuna Way","99865","Crdoba","Crdoba","Argentina"
10,"Dorothy Taylor","dorothy.taylor@sakilacustomer.org","1531 Sal Drive","53628","Esfahan","Esfahan","Iran"
333,"Andrew Purdy","andrew.purdy@sakilacustomer.org","431 Szkesfehrvr Avenue","57828","Baki","Baku","Azerbaijan"
406,"Nathan Runyon","nathan.runyon@sakilacustomer.org","264 Bhimavaram Manor","54749","St Thomas","Charlotte Amalie","Virgin Islands, U.S."
106,"Connie Wallace","connie.wallace@sakilacustomer.org","1867 San Juan Bautista Tuxtepec Avenue","78311","Ivanovo","Ivanovo","Russian Federation"
61,"Katherine Rivera","katherine.rivera@sakilacustomer.org","915 Ponce Place","83980","Basel-Stadt","Basel","Switzerland"
225,"Arlene Harvey","arlene.harvey@sakilacustomer.org","1014 Loja Manor","66851","Tamil Nadu","Ambattur","India"
434,"Eddie Tomlin","eddie.tomlin@sakilacustomer.org","1351 Aparecida de Goinia Parkway","41775","Northern Mindanao","Ozamis","Philippines"
433,"Don Bone","don.bone@sakilacustomer.org","596 Huixquilucan Place","65892","Nampula","Naala-Porto","Mozambique"
523,"Harvey Guajardo","harvey.guajardo@sakilacustomer.org","600 Purnea (Purnia) Avenue","18043","Nghe An","Vinh","Vietnam"
476,"Derrick Bourque","derrick.bourque@sakilacustomer.org","1153 Allende Way","20336","Qubec","Gatineau","Canada"
169,"Erica Matthews","erica.matthews@sakilacustomer.org","1294 Firozabad Drive","70618","Jiangxi","Pingxiang","China"
597,"Freddie Duggan","freddie.duggan@sakilacustomer.org","1103 Quilmes Boulevard","52137","Piura","Sullana","Peru"
420,"Jacob Lance","jacob.lance@sakilacustomer.org","1866 al-Qatif Avenue","89420","California","El Monte","United States"
299,"James Gannon","james.gannon@sakilacustomer.org","1635 Kuwana Boulevard","52137","Hiroshima","Hiroshima","Japan"
22,"Laura Rodriguez","laura.rodriguez@sakilacustomer.org","28 Charlotte Amalie Street","37551","Rabat-Sal-Zammour-Z","Sal","Morocco"
559,"Everett Banda","everett.banda@sakilacustomer.org","1741 Hoshiarpur Boulevard","22372","al-Sharqiya","Bilbays","Egypt"
542,"Lonnie Tirado","lonnie.tirado@sakilacustomer.org","1658 Cuman Loop","51309","Sumatera Selatan","Pangkal Pinang","Indonesia"
177,"Samantha Duncan","samantha.duncan@sakilacustomer.org","146 Johannesburg Way","54132","Tamaulipas","Matamoros","Mexico"
276,"Brandy Graves","brandy.graves@sakilacustomer.org","1944 Bamenda Way","24645","Michigan","Warren","United States"
547,"Kurt Emmons","kurt.emmons@sakilacustomer.org","1421 Quilmes Lane","19151","Ishikawa","Kanazawa","Japan"
457,"Bill Gavin","bill.gavin@sakilacustomer.org","1485 Bratislava Place","83183","Illinois","Rockford","United States"
139,"Amber Dixon","amber.dixon@sakilacustomer.org","1029 Dzerzinsk Manor","57519","Ynlin","Touliu","Taiwan"
142,"April Burns","april.burns@sakilacustomer.org","483 Ljubertsy Parkway","60562","Scotland","Dundee","United Kingdom"
244,"Viola Hanson","viola.hanson@sakilacustomer.org","582 Papeete Loop","27722","Central Visayas","Lapu-Lapu","Philippines"
327,"Larry Thrasher","larry.thrasher@sakilacustomer.org","663 Baha Blanca Parkway","33463","Adana","Adana","Turkey"
510,"Ben Easter","ben.easter@sakilacustomer.org","886 Tonghae Place","19450","Volgograd","Kamyin","Russian Federation"
332,"Stephen Qualls","stephen.qualls@sakilacustomer.org","1838 Tabriz Lane","1195","Dhaka","Dhaka","Bangladesh"
576,"Morris Mccarter","morris.mccarter@sakilacustomer.org","1568 Celaya Parkway","34750","Kaohsiung","Fengshan","Taiwan"
342,"Harold Martino","harold.martino@sakilacustomer.org","1293 Nam Dinh Way","71583","Roraima","Boa Vista","Brazil"
195,"Vanessa Sims","vanessa.sims@sakilacustomer.org","1792 Valle de la Pascua Place","15540","Nordrhein-Westfalen","Siegen","Germany"
194,"Kristen Chavez","kristen.chavez@sakilacustomer.org","345 Oshawa Boulevard","32114","Tokyo-to","Hino","Japan"
201,"Vicki Fields","vicki.fields@sakilacustomer.org","68 Molodetno Manor","4662","Nordrhein-Westfalen","Witten","Germany"
538,"Ted Breaux","ted.breaux@sakilacustomer.org","183 Haiphong Street","69953","Jilin","Baicheng","China"
132,"Esther Crawford","esther.crawford@sakilacustomer.org","898 Belm Manor","49757","Free State","Botshabelo","South Africa"
555,"Dwight Lombardi","dwight.lombardi@sakilacustomer.org","1497 Fengshan Drive","63022","KwaZulu-Natal","Chatsworth","South Africa"
300,"John Farnsworth","john.farnsworth@sakilacustomer.org","41 El Alto Parkway","56883","Maharashtra","Parbhani","India"
289,"Violet Rodriquez","violet.rodriquez@sakilacustomer.org","1912 Allende Manor","58124","Kowloon and New Kowl","Kowloon and New Kowloon","Hong Kong"
517,"Brad Mccurdy","brad.mccurdy@sakilacustomer.org","608 Birgunj Parkway","400","Taipei","Chungho","Taiwan"
471,"Dean Sauer","dean.sauer@sakilacustomer.org","270 Tambaram Parkway","9668","Gauteng","Johannesburg","South Africa"
306,"Charles Kowalski","charles.kowalski@sakilacustomer.org","715 So Bernardo do Campo Lane","84804","Kedah","Sungai Petani","Malaysia"
271,"Penny Neal","penny.neal@sakilacustomer.org","1675 Xiangfan Manor","11763","Tamil Nadu","Kumbakonam","India"
591,"Kent Arsenault","kent.arsenault@sakilacustomer.org","32 Liaocheng Way","1944","Minas Gerais","Juiz de Fora","Brazil"
344,"Henry Billingsley","henry.billingsley@sakilacustomer.org","1516 Escobar Drive","46069","Tongatapu","Nukualofa","Tonga"
474,"Dustin Gillette","dustin.gillette@sakilacustomer.org","1854 Okara Boulevard","42123","Drenthe","Emmen","Netherlands"
494,"Ramon Choate","ramon.choate@sakilacustomer.org","1954 Kowloon and New Kowloon Way","63667","Chimborazo","Robamba","Ecuador"
462,"Warren Sherrod","warren.sherrod@sakilacustomer.org","1621 Tongliao Avenue","22173","Irkutsk","Usolje-Sibirskoje","Russian Federation"
430,"Ray Houle","ray.houle@sakilacustomer.org","740 Udaipur Lane","33505","Nizni Novgorod","Dzerzinsk","Russian Federation"
28,"Cynthia Young","cynthia.young@sakilacustomer.org","1425 Shikarpur Manor","65599","Bihar","Munger (Monghyr)","India"
337,"Jerry Jordon","jerry.jordon@sakilacustomer.org","124 al-Manama Way","52368","Hiroshima","Onomichi","Japan"
511,"Chester Benner","chester.benner@sakilacustomer.org","1574 Goinia Boulevard","39529","Heilongjiang","Suihua","China"
370,"Wayne Truong","wayne.truong@sakilacustomer.org","1049 Matamoros Parkway","69640","Karnataka","Gulbarga","India"
304,"David Royal","david.royal@sakilacustomer.org","827 Yuncheng Drive","79047","Callao","Callao","Peru"
294,"Shelly Watts","shelly.watts@sakilacustomer.org","32 Pudukkottai Lane","38834","Ohio","Dayton","United States"
526,"Karl Seal","karl.seal@sakilacustomer.org","1427 Tabuk Place","31342","Florida","Cape Coral","United States"
496,"Tyler Wren","tyler.wren@sakilacustomer.org","1060 Tandil Lane","72349","Shandong","Rizhao","China"
541,"Darren Windham","darren.windham@sakilacustomer.org","379 Lublin Parkway","74568","Toscana","Livorno","Italy"
546,"Kelly Knott","kelly.knott@sakilacustomer.org","390 Wroclaw Way","5753","Hainan","Sanya","China"
192,"Laurie Lawrence","laurie.lawrence@sakilacustomer.org","9 San Miguel de Tucumn Manor","90845","Uttar Pradesh","Firozabad","India"
74,"Denise Kelly","denise.kelly@sakilacustomer.org","1206 Dos Quebradas Place","20207","So Paulo","Rio Claro","Brazil"
65,"Rose Howard","rose.howard@sakilacustomer.org","698 Otsu Street","71110","Cayenne","Cayenne","French Guiana"
12,"Nancy Thomas","nancy.thomas@sakilacustomer.org","808 Bhopal Manor","10672","Haryana","Yamuna Nagar","India"
583,"Marshall Thorn","marshall.thorn@sakilacustomer.org","1584 Ljubertsy Lane","22954","England","Southampton","United Kingdom"
485,"Clyde Tobias","clyde.tobias@sakilacustomer.org","1909 Dayton Avenue","88513","Guangdong","Shaoguan","China"
330,"Scott Shelley","scott.shelley@sakilacustomer.org","587 Benguela Manor","91590","Illinois","Aurora","United States"
75,"Tammy Sanders","tammy.sanders@sakilacustomer.org","1551 Rampur Lane","72394","Changhwa","Changhwa","Taiwan"
533,"Jessie Milam","jessie.milam@sakilacustomer.org","1332 Gaziantep Lane","22813","Shandong","Binzhou","China"
214,"Kristin Johnston","kristin.johnston@sakilacustomer.org","226 Brest Manor","2299","California","Sunnyvale","United States"
144,"Clara Shaw","clara.shaw@sakilacustomer.org","1027 Songkhla Manor","30861","Minsk","Molodetno","Belarus"
280,"Tracey Barrett","tracey.barrett@sakilacustomer.org","1006 Santa Brbara dOeste Manor","36229","Ondo & Ekiti","Owo","Nigeria"
361,"Lawrence Lawton","lawrence.lawton@sakilacustomer.org","114 Jalib al-Shuyukh Manor","60440","Centre","Yaound","Cameroon"
5,"Elizabeth Brown","elizabeth.brown@sakilacustomer.org","53 Idfu Parkway","42399","Nantou","Nantou","Taiwan"
181,"Ana Bradley","ana.bradley@sakilacustomer.org","682 Garden Grove Place","67497","Tennessee","Memphis","United States"
34,"Rebecca Scott","rebecca.scott@sakilacustomer.org","61 Tama Street","94065","Okayama","Kurashiki","Japan"
217,"Agnes Bishop","agnes.bishop@sakilacustomer.org","866 Shivapuri Manor","22474","Uttar Pradesh","Sambhal","India"
515,"Andre Rapp","andre.rapp@sakilacustomer.org","568 Dhule (Dhulia) Loop","92568","Coquimbo","Coquimbo","Chile"
563,"Ken Prewitt","ken.prewitt@sakilacustomer.org","1342 Abha Boulevard","10714","Bukarest","Bucuresti","Romania"
499,"Marc Outlaw","marc.outlaw@sakilacustomer.org","1 Valle de Santiago Avenue","86208","Apulia","Brindisi","Italy"
442,"Leroy Bustamante","leroy.bustamante@sakilacustomer.org","105 Dzerzinsk Manor","48570","Inner Mongolia","Tongliao","China"
360,"Ralph Madrigal","ralph.madrigal@sakilacustomer.org","1009 Zanzibar Lane","64875","Arecibo","Arecibo","Puerto Rico"
117,"Edith Mcdonald","edith.mcdonald@sakilacustomer.org","1967 Sincelejo Place","73644","Gujarat","Gandhinagar","India"
560,"Jordan Archuleta","jordan.archuleta@sakilacustomer.org","1229 Varanasi (Benares) Manor","40195","Buenos Aires","Avellaneda","Argentina"
562,"Wallace Slone","wallace.slone@sakilacustomer.org","1342 Sharja Way","93655","Sokoto & Kebbi & Zam","Sokoto","Nigeria"
582,"Andy Vanhorn","andy.vanhorn@sakilacustomer.org","966 Asuncin Way","62703","Hidalgo","Huejutla de Reyes","Mexico"
362,"Nicholas Barfield","nicholas.barfield@sakilacustomer.org","1163 London Parkway","6066","Par","Belm","Brazil"
585,"Perry Swafford","perry.swafford@sakilacustomer.org","773 Dallas Manor","12664","Buenos Aires","Quilmes","Argentina"
166,"Lynn Payne","lynn.payne@sakilacustomer.org","710 San Felipe del Progreso Avenue","76901","Lilongwe","Lilongwe","Malawi"
3,"Linda Williams","linda.williams@sakilacustomer.org","692 Joliet Street","83579","Attika","Athenai","Greece"
281,"Leona Obrien","leona.obrien@sakilacustomer.org","1308 Sumy Loop","30657","Fujian","Fuzhou","China"
413,"Marvin Yee","marvin.yee@sakilacustomer.org","126 Acua Parkway","58888","West Bengali","Berhampore (Baharampur)","India"
237,"Tanya Gilbert","tanya.gilbert@sakilacustomer.org","647 A Corua (La Corua) Street","36971","Chollanam","Naju","South Korea"
204,"Rosemary Schmidt","rosemary.schmidt@sakilacustomer.org","1215 Pyongyang Parkway","25238","Usak","Usak","Turkey"
307,"Joseph Joy","joseph.joy@sakilacustomer.org","1354 Siegen Street","80184","Rio de Janeiro","Angra dos Reis","Brazil"
279,"Dianne Shelton","dianne.shelton@sakilacustomer.org","600 Bradford Street","96204","East Azerbaidzan","Tabriz","Iran"
4,"Barbara Jones","barbara.jones@sakilacustomer.org","1566 Inegl Manor","53561","Mandalay","Myingyan","Myanmar"
596,"Enrique Forsythe","enrique.forsythe@sakilacustomer.org","1101 Bucuresti Boulevard","97661","West Greece","Patras","Greece"
199,"Beth Franklin","beth.franklin@sakilacustomer.org","1149 A Corua (La Corua) Boulevard","95824","Haiphong","Haiphong","Vietnam"
32,"Amy Lopez","amy.lopez@sakilacustomer.org","176 Mandaluyong Place","65213","Uttar Pradesh","Jhansi","India"
185,"Roberta Harper","roberta.harper@sakilacustomer.org","927 Barcelona Street","65121","Chaharmahal va Bakht","Shahr-e Kord","Iran"
1,"Mary Smith","mary.smith@sakilacustomer.org","1913 Hanoi Way","35200","Nagasaki","Sasebo","Japan"
85,"Anne Powell","anne.powell@sakilacustomer.org","1557 Ktahya Boulevard","88002","England","Bradford","United Kingdom"
77,"Jane Bennett","jane.bennett@sakilacustomer.org","1692 Ede Loop","9223","So Paulo","Araatuba","Brazil"
123,"Shannon Freeman","shannon.freeman@sakilacustomer.org","117 Boa Vista Way","6804","Uttar Pradesh","Varanasi (Benares)","India"
483,"Vernon Chapa","vernon.chapa@sakilacustomer.org","698 Jelets Boulevard","2596","Denizli","Denizli","Turkey"
246,"Marian Mendoza","marian.mendoza@sakilacustomer.org","829 Grand Prairie Way","6461","Paran","Maring","Brazil"
339,"Walter Perryman","walter.perryman@sakilacustomer.org","1909 Benguela Lane","19913","Henan","Xinxiang","China"
235,"Jackie Lynch","jackie.lynch@sakilacustomer.org","98 Stara Zagora Boulevard","76448","Valle","Buenaventura","Colombia"
120,"Sylvia Ortiz","sylvia.ortiz@sakilacustomer.org","241 Mosul Lane","76157","Risaralda","Dos Quebradas","Colombia"
66,"Janice Ward","janice.ward@sakilacustomer.org","1150 Kimchon Manor","96109","Skne ln","Malm","Sweden"
322,"Jason Morrissey","jason.morrissey@sakilacustomer.org","1427 A Corua (La Corua) Place","85799","Buenos Aires","Baha Blanca","Argentina"
503,"Angel Barclay","angel.barclay@sakilacustomer.org","496 Celaya Drive","90797","Nagano","Ueda","Japan"
565,"Jaime Nettles","jaime.nettles@sakilacustomer.org","1746 Faaa Way","32515","Huanuco","Hunuco","Peru"
178,"Marion Snyder","marion.snyder@sakilacustomer.org","1891 Rizhao Boulevard","47288","So Paulo","Santa Brbara dOeste","Brazil"
118,"Kim Cruz","kim.cruz@sakilacustomer.org","333 Goinia Way","78625","Texas","Grand Prairie","United States"
82,"Kathryn Coleman","kathryn.coleman@sakilacustomer.org","927 Baha Blanca Parkway","9495","Krim","Simferopol","Ukraine"
7,"Maria Miller","maria.miller@sakilacustomer.org","900 Santiago de Compostela Parkway","93896","Central Serbia","Kragujevac","Yugoslavia"
501,"Ruben Geary","ruben.geary@sakilacustomer.org","414 Mandaluyong Street","16370","Lubelskie","Lublin","Poland"
236,"Marcia Dean","marcia.dean@sakilacustomer.org","1479 Rustenburg Boulevard","18727","Southern Tagalog","Tanza","Philippines"
458,"Lloyd Dowd","lloyd.dowd@sakilacustomer.org","935 Aden Boulevard","64709","Central Java","Tegal","Indonesia"
301,"Robert Baughman","robert.baughman@sakilacustomer.org","1883 Maikop Lane","68469","Kaliningrad","Kaliningrad","Russian Federation"
545,"Julio Noland","julio.noland@sakilacustomer.org","182 Nukualofa Drive","15414","Sumy","Konotop","Ukraine"
479,"Zachary Hite","zachary.hite@sakilacustomer.org","98 Pyongyang Boulevard","88749","Ohio","Akron","United States"
129,"Carrie Porter","carrie.porter@sakilacustomer.org","1854 Tieli Street","15819","Shandong","Liaocheng","China"
159,"Jill Hawkins","jill.hawkins@sakilacustomer.org","1440 Compton Place","81037","North Austria","Linz","Austria"
338,"Dennis Gilman","dennis.gilman@sakilacustomer.org","1443 Mardan Street","31483","Western Cape","Paarl","South Africa"
243,"Lydia Burke","lydia.burke@sakilacustomer.org","1483 Pathankot Street","37288","Tucumn","San Miguel de Tucumn","Argentina"
57,"Evelyn Morgan","evelyn.morgan@sakilacustomer.org","943 Tokat Street","45428","Vaduz","Vaduz","Liechtenstein"
153,"Suzanne Nichols","suzanne.nichols@sakilacustomer.org","456 Escobar Way","36061","Jakarta Raya","Jakarta","Indonesia"
518,"Gabriel Harder","gabriel.harder@sakilacustomer.org","680 A Corua (La Corua) Manor","49806","Sivas","Sivas","Turkey"
124,"Sheila Wells","sheila.wells@sakilacustomer.org","848 Tafuna Manor","45142","Ktahya","Ktahya","Turkey"
475,"Pedro Chestnut","pedro.chestnut@sakilacustomer.org","421 Yaound Street","11363","Sumy","ostka","Ukraine"
250,"Jo Fowler","jo.fowler@sakilacustomer.org","786 Stara Zagora Way","98332","Oyo & Osun","Oyo","Nigeria"
432,"Edwin Burk","edwin.burk@sakilacustomer.org","1766 Almirante Brown Street","63104","KwaZulu-Natal","Newcastle","South Africa"
317,"Edward Baugh","edward.baugh@sakilacustomer.org","1359 Zhoushan Parkway","29763","Streymoyar","Trshavn","Faroe Islands"
31,"Brenda Wright","brenda.wright@sakilacustomer.org","33 Gorontalo Way","30348","West Bengali","Kamarhati","India"
78,"Lori Wood","lori.wood@sakilacustomer.org","936 Salzburg Lane","96709","Uttar Pradesh","Rae Bareli","India"
482,"Maurice Crawley","maurice.crawley@sakilacustomer.org","1785 So Bernardo do Campo Street","71182","Veracruz","Coatzacoalcos","Mexico"
405,"Leonard Schofield","leonard.schofield@sakilacustomer.org","88 Nagaon Manor","86868","Buenos Aires","Tandil","Argentina"
588,"Marion Ocampo","marion.ocampo@sakilacustomer.org","1464 Kursk Parkway","17381","Shandong","Weifang","China"
573,"Byron Box","byron.box@sakilacustomer.org","521 San Juan Bautista Tuxtepec Place","95093","Qaraghandy","Zhezqazghan","Kazakstan"
355,"Terry Grissom","terry.grissom@sakilacustomer.org","619 Hunuco Avenue","81508","Shimane","Matsue","Japan"
81,"Andrea Henderson","andrea.henderson@sakilacustomer.org","320 Baiyin Parkway","37307","Mahajanga","Mahajanga","Madagascar"
149,"Valerie Black","valerie.black@sakilacustomer.org","782 Mosul Street","25545","Massachusetts","Brockton","United States"
456,"Ronnie Ricketts","ronnie.ricketts@sakilacustomer.org","1889 Valparai Way","75559","Ziguinchor","Ziguinchor","Senegal"
184,"Vivian Ruiz","vivian.ruiz@sakilacustomer.org","741 Ambattur Manor","43310","Noord-Brabant","s-Hertogenbosch","Netherlands"
170,"Beatrice Arnold","beatrice.arnold@sakilacustomer.org","1877 Ezhou Lane","63337","Rajasthan","Udaipur","India"
64,"Judith Cox","judith.cox@sakilacustomer.org","1966 Amroha Avenue","70385","Sichuan","Daxian","China"
383,"Martin Bales","martin.bales@sakilacustomer.org","368 Hunuco Boulevard","17165","Namibe","Namibe","Angola"
164,"Joann Gardner","joann.gardner@sakilacustomer.org","842 Salzburg Lane","3313","Adana","Tarsus","Turkey"
454,"Alex Gresham","alex.gresham@sakilacustomer.org","251 Florencia Drive","16119","Michoacn de Ocampo","Uruapan","Mexico"
431,"Joel Francisco","joel.francisco@sakilacustomer.org","287 Cuautla Boulevard","72736","Chuquisaca","Sucre","Bolivia"
30,"Melissa King","melissa.king@sakilacustomer.org","1668 Anpolis Street","50199","Taipei","Lungtan","Taiwan"
504,"Nathaniel Adam","nathaniel.adam@sakilacustomer.org","786 Matsue Way","37469","Illinois","Joliet","United States"
165,"Lorraine Stephens","lorraine.stephens@sakilacustomer.org","154 Tallahassee Loop","62250","Xinxiang","Hami","China"
256,"Mabel Holland","mabel.holland@sakilacustomer.org","51 Laredo Avenue","68146","Sagaing","Monywa","Myanmar"
137,"Rhonda Kennedy","rhonda.kennedy@sakilacustomer.org","1749 Daxian Place","11044","Gelderland","Apeldoorn","Netherlands"
412,"Allen Butterfield","allen.butterfield@sakilacustomer.org","791 Salinas Street","40509","Punjab","Hoshiarpur","India"
290,"Kristina Chambers","kristina.chambers@sakilacustomer.org","544 Tarsus Boulevard","53145","Gurico","Valle de la Pascua","Venezuela"
303,"William Satterfield","william.satterfield@sakilacustomer.org","687 Alessandria Parkway","57587","Sanaa","Sanaa","Yemen"
50,"Diane Collins","diane.collins@sakilacustomer.org","115 Hidalgo Parkway","80168","Khartum","Omdurman","Sudan"
363,"Roy Whiting","roy.whiting@sakilacustomer.org","1658 Jastrzebie-Zdrj Loop","96584","Central","Nyeri","Kenya"
95,"Paula Bryant","paula.bryant@sakilacustomer.org","1697 Tanauan Lane","22870","Punjab","Pathankot","India"
451,"Jim Rea","jim.rea@sakilacustomer.org","814 Simferopol Loop","48745","Sinaloa","El Fuerte","Mexico"
386,"Todd Tan","todd.tan@sakilacustomer.org","1793 Meixian Place","33535","Hmelnytskyi","Kamjanets-Podilskyi","Ukraine"
233,"Lillie Kim","lillie.kim@sakilacustomer.org","1736 Cavite Place","98775","Qina","Idfu","Egypt"
389,"Alan Kahn","alan.kahn@sakilacustomer.org","753 Ilorin Avenue","3656","Sichuan","Emeishan","China"
266,"Nora Herrera","nora.herrera@sakilacustomer.org","1587 Loja Manor","5410","Salzburg","Salzburg","Austria"
13,"Karen Jackson","karen.jackson@sakilacustomer.org","270 Amroha Parkway","29610","Osmaniye","Osmaniye","Turkey"
411,"Norman Currier","norman.currier@sakilacustomer.org","1445 Carmen Parkway","70809","West Java","Cianjur","Indonesia"
536,"Fernando Churchill","fernando.churchill@sakilacustomer.org","193 Bhusawal Place","9750","Kang-won","Tonghae","South Korea"
41,"Stephanie Mitchell","stephanie.mitchell@sakilacustomer.org","42 Brindisi Place","16744","Yerevan","Yerevan","Armenia"
179,"Dana Hart","dana.hart@sakilacustomer.org","1089 Iwatsuki Avenue","35109","Kirov","Kirovo-Tepetsk","Russian Federation"
453,"Calvin Martel","calvin.martel@sakilacustomer.org","138 Caracas Boulevard","16790","Zulia","Maracabo","Venezuela"
53,"Heather Morris","heather.morris@sakilacustomer.org","17 Kabul Boulevard","38594","Chiba","Nagareyama","Japan"
524,"Jared Ely","jared.ely@sakilacustomer.org","1003 Qinhuangdao Street","25972","West Java","Purwakarta","Indonesia"
489,"Ricardo Meador","ricardo.meador@sakilacustomer.org","591 Sungai Petani Drive","46400","Okayama","Okayama","Japan"
2,"Patricia Johnson","patricia.johnson@sakilacustomer.org","1121 Loja Avenue","17886","California","San Bernardino","United States"
358,"Samuel Marlow","samuel.marlow@sakilacustomer.org","604 Bern Place","5373","Jharkhand","Ranchi","India"
490,"Sam Mcduffie","sam.mcduffie@sakilacustomer.org","656 Matamoros Drive","19489","Boyac","Sogamoso","Colombia"
514,"Franklin Troutman","franklin.troutman@sakilacustomer.org","1778 Gijn Manor","35156","Hubei","Zaoyang","China"
265,"Jennie Terry","jennie.terry@sakilacustomer.org","682 Halisahar Place","20536","Severn Morava","Olomouc","Czech Republic"
581,"Virgil Wofford","virgil.wofford@sakilacustomer.org","760 Miyakonojo Drive","64682","Guerrero","Jos Azueta","Mexico"
176,"June Carroll","june.carroll@sakilacustomer.org","757 Rustenburg Avenue","89668","Skikda","Skikda","Algeria"
438,"Barry Lovelace","barry.lovelace@sakilacustomer.org","1836 Korla Parkway","55405","Copperbelt","Kitwe","Zambia"
437,"Randall Neumann","randall.neumann@sakilacustomer.org","1245 Ibirit Way","40926","La Romana","La Romana","Dominican Republic"
248,"Caroline Bowman","caroline.bowman@sakilacustomer.org","1309 Weifang Street","57338","Florida","Tallahassee","United States"
23,"Sarah Lewis","sarah.lewis@sakilacustomer.org","1780 Hino Boulevard","7716","Liepaja","Liepaja","Latvia"
127,"Elaine Stevens","elaine.stevens@sakilacustomer.org","801 Hagonoy Drive","8439","Smolensk","Smolensk","Russian Federation"
309,"Christopher Greco","christopher.greco@sakilacustomer.org","1224 Huejutla de Reyes Boulevard","70923","Lombardia","Brescia","Italy"
521,"Roland South","roland.south@sakilacustomer.org","1993 0 Loop","41214","Liaoning","Yingkou","China"
594,"Eduardo Hiatt","eduardo.hiatt@sakilacustomer.org","1837 Kaduna Parkway","82580","Inner Mongolia","Jining","China"
324,"Gary Coy","gary.coy@sakilacustomer.org","867 Benin City Avenue","78543","Henan","Yuzhou","China"
350,"Juan Fraley","juan.fraley@sakilacustomer.org","469 Nakhon Sawan Street","58866","Tuvassia","Teboksary","Russian Federation"
336,"Joshua Mark","joshua.mark@sakilacustomer.org","1920 Weifang Avenue","15643","Uttar Pradesh","Rampur","India"
174,"Yvonne Watkins","yvonne.watkins@sakilacustomer.org","1848 Salala Boulevard","25220","Miranda","Ocumare del Tuy","Venezuela"
525,"Adrian Clary","adrian.clary@sakilacustomer.org","1986 Sivas Place","95775","Friuli-Venezia Giuli","Udine","Italy"
251,"Vickie Brewer","vickie.brewer@sakilacustomer.org","1966 Tonghae Street","36481","Anhalt Sachsen","Halle/Saale","Germany"
229,"Tamara Nguyen","tamara.nguyen@sakilacustomer.org","356 Olomouc Manor","93323","Gois","Anpolis","Brazil"
62,"Joan Cooper","joan.cooper@sakilacustomer.org","1717 Guadalajara Lane","85505","Missouri","Saint Louis","United States"
292,"Misty Lambert","misty.lambert@sakilacustomer.org","1192 Tongliao Street","19065","Sharja","Sharja","United Arab Emirates"
156,"Bertha Ferguson","bertha.ferguson@sakilacustomer.org","1367 Yantai Manor","21294","Ondo & Ekiti","Ondo","Nigeria"
109,"Edna West","edna.west@sakilacustomer.org","682 Junan Way","30418","North West","Klerksdorp","South Africa"
63,"Ashley Richardson","ashley.richardson@sakilacustomer.org","1214 Hanoi Way","67055","Nebraska","Lincoln","United States"
173,"Audrey Ray","audrey.ray@sakilacustomer.org","1010 Klerksdorp Way","6802","Steiermark","Graz","Austria"
415,"Glenn Pullen","glenn.pullen@sakilacustomer.org","992 Klerksdorp Loop","33711","Utrecht","Amersfoort","Netherlands"
391,"Clarence Gamez","clarence.gamez@sakilacustomer.org","767 Pyongyang Drive","83536","Osaka","Izumisano","Japan"
231,"Georgia Jacobs","georgia.jacobs@sakilacustomer.org","954 Kimchon Place","42420","West Bengali","Uttarpara-Kotrung","India"
68,"Nicole Peterson","nicole.peterson@sakilacustomer.org","57 Arlington Manor","48960","Madhya Pradesh","Shivapuri","India"
422,"Melvin Ellington","melvin.ellington@sakilacustomer.org","1557 Cape Coral Parkway","46875","Hubei","Laohekou","China"
417,"Travis Estep","travis.estep@sakilacustomer.org","289 Santo Andr Manor","72410","al-Sharqiya","al-Qatif","Saudi Arabia"
212,"Wilma Richards","wilma.richards@sakilacustomer.org","660 Jedda Boulevard","25053","Washington","Bellevue","United States"
135,"Juanita Mason","juanita.mason@sakilacustomer.org","943 Johannesburg Avenue","5892","Maharashtra","Pune","India"
158,"Veronica Stone","veronica.stone@sakilacustomer.org","369 Papeete Way","66639","North Carolina","Greensboro","United States"
293,"Mae Fletcher","mae.fletcher@sakilacustomer.org","44 Najafabad Way","61391","Baskimaa","Donostia-San Sebastin","Spain"
87,"Wanda Patterson","wanda.patterson@sakilacustomer.org","1740 Portoviejo Avenue","29932","Sucre","Sincelejo","Colombia"
341,"Peter Menard","peter.menard@sakilacustomer.org","1217 Konotop Avenue","504","Gelderland","Ede","Netherlands"
107,"Florence Woods","florence.woods@sakilacustomer.org","1532 Dzerzinsk Way","9599","Buenos Aires","Merlo","Argentina"
408,"Manuel Murrell","manuel.murrell@sakilacustomer.org","692 Amroha Drive","35575","Northern","Jaffna","Sri Lanka"
228,"Allison Stanley","allison.stanley@sakilacustomer.org","754 Valencia Place","87911","Phnom Penh","Phnom Penh","Cambodia"
138,"Hazel Warren","hazel.warren@sakilacustomer.org","1587 Sullana Lane","85769","Inner Mongolia","Hohhot","China"
116,"Victoria Gibson","victoria.gibson@sakilacustomer.org","544 Malm Parkway","63502","Central Java","Pemalang","Indonesia"
506,"Leslie Seward","leslie.seward@sakilacustomer.org","1152 al-Qatif Lane","44816","Kalimantan Barat","Pontianak","Indonesia"
14,"Betty White","betty.white@sakilacustomer.org","770 Bydgoszcz Avenue","16266","California","Citrus Heights","United States"
530,"Darryl Ashcraft","darryl.ashcraft@sakilacustomer.org","166 Jinchang Street","86760","Buenos Aires","Ezeiza","Argentina"
384,"Ernest Stepp","ernest.stepp@sakilacustomer.org","500 Lincoln Parkway","95509","Jiangsu","Huaian","China"
182,"Renee Lane","renee.lane@sakilacustomer.org","533 al-Ayn Boulevard","8862","California","Compton","United States"
140,"Eva Ramos","eva.ramos@sakilacustomer.org","1666 Beni-Mellal Place","13377","Tennessee","Clarksville","United States"
544,"Cody Nolen","cody.nolen@sakilacustomer.org","1715 Okayama Street","55676","So Paulo","So Bernardo do Campo","Brazil"
598,"Wade Delvalle","wade.delvalle@sakilacustomer.org","1331 Usak Boulevard","61960","Vaud","Lausanne","Switzerland"
534,"Christian Jung","christian.jung@sakilacustomer.org","949 Allende Lane","67521","Uttar Pradesh","Amroha","India"
335,"Gregory Mauldin","gregory.mauldin@sakilacustomer.org","507 Smolensk Loop","22971","Sousse","Sousse","Tunisia"
79,"Rachel Barnes","rachel.barnes@sakilacustomer.org","586 Tete Way","1079","Kanagawa","Kamakura","Japan"
48,"Ann Evans","ann.evans@sakilacustomer.org","909 Garland Manor","69367","Tatarstan","Niznekamsk","Russian Federation"
209,"Tonya Chapman","tonya.chapman@sakilacustomer.org","43 Dadu Avenue","4855","Rajasthan","Bhilwara","India"
278,"Billie Horton","billie.horton@sakilacustomer.org","457 Tongliao Loop","56254","Bursa","Inegl","Turkey"
400,"Bryan Hardison","bryan.hardison@sakilacustomer.org","530 Lausanne Lane","11067","Texas","Dallas","United States"
379,"Carlos Coughlin","carlos.coughlin@sakilacustomer.org","97 Mogiljov Lane","89294","Gujarat","Bhavnagar","India"
59,"Cheryl Murphy","cheryl.murphy@sakilacustomer.org","1213 Ranchi Parkway","94352","Karnataka","Mysore","India"
365,"Bruce Schwarz","bruce.schwarz@sakilacustomer.org","1565 Tangail Manor","45750","Okinawa","Okinawa","Japan"
35,"Virginia Green","virginia.green@sakilacustomer.org","391 Callao Drive","34021","Midi-Pyrnes","Toulouse","France"
9,"Margaret Moore","margaret.moore@sakilacustomer.org","613 Korolev Drive","45844","Masqat","Masqat","Oman"
340,"Patrick Newsom","patrick.newsom@sakilacustomer.org","68 Ponce Parkway","85926","Hanoi","Hanoi","Vietnam"
287,"Becky Miles","becky.miles@sakilacustomer.org","1993 Tabuk Lane","64221","Tamil Nadu","Tambaram","India"
552,"Hugh Waldrop","hugh.waldrop@sakilacustomer.org","904 Clarksville Drive","52234","Zhejiang","Haining","China"
240,"Marlene Welch","marlene.welch@sakilacustomer.org","1148 Saarbrcken Parkway","1921","Fukushima","Iwaki","Japan"
356,"Gerald Fultz","gerald.fultz@sakilacustomer.org","45 Aparecida de Goinia Place","7431","Madhya Pradesh","Satna","India"
540,"Tyrone Asher","tyrone.asher@sakilacustomer.org","191 Jos Azueta Parkway","13629","Ruse","Ruse","Bulgaria"
259,"Lena Jensen","lena.jensen@sakilacustomer.org","1027 Banjul Place","50390","West Bengali","Halisahar","India"
227,"Colleen Burton","colleen.burton@sakilacustomer.org","430 Alessandria Loop","47446","Saarland","Saarbrcken","Germany"
577,"Clifton Malcolm","clifton.malcolm@sakilacustomer.org","1489 Kakamigahara Lane","98883","Taipei","Tanshui","Taiwan"
359,"Willie Markham","willie.markham@sakilacustomer.org","1623 Kingstown Drive","91299","Buenos Aires","Almirante Brown","Argentina"
354,"Justin Ngo","justin.ngo@sakilacustomer.org","519 Nyeri Manor","37650","So Paulo","Santo Andr","Brazil"
297,"Sherri Rhodes","sherri.rhodes@sakilacustomer.org","922 Vila Velha Loop","4085","Maharashtra","Ahmadnagar","India"
404,"Stanley Scroggins","stanley.scroggins@sakilacustomer.org","1266 Laredo Parkway","7664","Saitama","Omiya","Japan"
25,"Deborah Walker","deborah.walker@sakilacustomer.org","934 San Felipe de Puerto Plata Street","99780","Sind","Shikarpur","Pakistan"
564,"Bob Pfeiffer","bob.pfeiffer@sakilacustomer.org","415 Pune Avenue","44274","Shandong","Xintai","China"
277,"Olga Jimenez","olga.jimenez@sakilacustomer.org","556 Baybay Manor","55802","Oyo & Osun","Ogbomosho","Nigeria"
569,"Dave Gardiner","dave.gardiner@sakilacustomer.org","1052 Pathankot Avenue","77397","Sichuan","Leshan","China"
232,"Constance Reid","constance.reid@sakilacustomer.org","885 Yingkou Manor","31390","Kaduna","Zaria","Nigeria"
203,"Tara Ryan","tara.ryan@sakilacustomer.org","1688 Nador Lane","61613","Sulawesi Utara","Gorontalo","Indonesia"
592,"Terrance Roush","terrance.roush@sakilacustomer.org","42 Fontana Avenue","14684","Fejr","Szkesfehrvr","Hungary"
378,"Eugene Culpepper","eugene.culpepper@sakilacustomer.org","686 Donostia-San Sebastin Lane","97390","Guangdong","Shenzhen","China"
267,"Margie Wade","margie.wade@sakilacustomer.org","1762 Paarl Parkway","53928","Hunan","Lengshuijiang","China"
393,"Philip Causey","philip.causey@sakilacustomer.org","954 Lapu-Lapu Way","8816","Moskova","Korolev","Russian Federation"
348,"Roger Quintanilla","roger.quintanilla@sakilacustomer.org","381 Kabul Way","87272","Taipei","Hsichuh","Taiwan"
260,"Christy Vargas","christy.vargas@sakilacustomer.org","1158 Mandi Bahauddin Parkway","98484","Shanxi","Datong","China"
255,"Irma Pearson","irma.pearson@sakilacustomer.org","127 Iwakuni Boulevard","20777","Central Luzon","Hagonoy","Philippines"
537,"Clinton Buford","clinton.buford@sakilacustomer.org","43 Vilnius Manor","79814","Colorado","Aurora","United States"
427,"Jesus Mccartney","jesus.mccartney@sakilacustomer.org","259 Ipoh Drive","64964","So Paulo","Guaruj","Brazil"
83,"Louise Jenkins","louise.jenkins@sakilacustomer.org","929 Tallahassee Loop","74671","Gauteng","Springs","South Africa"
49,"Joyce Edwards","joyce.edwards@sakilacustomer.org","725 Isesaki Place","74428","Mekka","Jedda","Saudi Arabia"
435,"Ricky Shelby","ricky.shelby@sakilacustomer.org","722 Bradford Lane","90920","Shandong","Junan","China"
45,"Janet Phillips","janet.phillips@sakilacustomer.org","1718 Valencia Street","37359","Antofagasta","Antofagasta","Chile"
108,"Tracy Cole","tracy.cole@sakilacustomer.org","1002 Ahmadnagar Manor","93026","Mxico","Huixquilucan","Mexico"
452,"Tom Milner","tom.milner@sakilacustomer.org","535 Ahmadnagar Manor","41136","Abu Dhabi","Abu Dhabi","United Arab Emirates"
291,"Toni Holt","toni.holt@sakilacustomer.org","1936 Cuman Avenue","61195","Virginia","Roanoke","United States"
571,"Johnnie Chisholm","johnnie.chisholm@sakilacustomer.org","1501 Pangkal Pinang Avenue","943","Mazowieckie","Plock","Poland"
443,"Francisco Skidmore","francisco.skidmore@sakilacustomer.org","614 Denizli Parkway","29444","Rio Grande do Sul","So Leopoldo","Brazil"
284,"Sonia Gregory","sonia.gregory@sakilacustomer.org","1279 Udine Parkway","75860","Edo & Delta","Benin City","Nigeria"
455,"Jon Wiles","jon.wiles@sakilacustomer.org","659 Gatineau Boulevard","28587","La Paz","El Alto","Bolivia"
467,"Alvin Deloach","alvin.deloach@sakilacustomer.org","1447 Chatsworth Place","41545","Chihuahua","Cuauhtmoc","Mexico"
374,"Jeremy Hurtado","jeremy.hurtado@sakilacustomer.org","1133 Rizhao Avenue","2800","Pernambuco","Vitria de Santo Anto","Brazil"
368,"Harry Arce","harry.arce@sakilacustomer.org","1922 Miraj Way","13203","Esfahan","Najafabad","Iran"
208,"Lucy Wheeler","lucy.wheeler@sakilacustomer.org","624 Oshawa Boulevard","89959","West Bengali","Balurghat","India"
172,"Bernice Willis","bernice.willis@sakilacustomer.org","29 Pyongyang Loop","47753","Batman","Batman","Turkey"
328,"Jeffrey Spear","jeffrey.spear@sakilacustomer.org","1860 Taguig Loop","59550","West Java","Ciparay","Indonesia"
316,"Steven Curley","steven.curley@sakilacustomer.org","651 Pathankot Loop","59811","Maharashtra","Miraj","India"
589,"Tracy Herrmann","tracy.herrmann@sakilacustomer.org","1074 Sanaa Parkway","22474","Loja","Loja","Ecuador"
